SG_UF;NM_MUNICIPIO;DS_CARGO;NR_CANDIDATO;NM_CANDIDATO;NM_URNA_CANDIDATO;NR_PARTIDO;SG_PARTIDO;NM_PARTIDO;DS_SIT_TOT_TURNO;NR_TURNO;QT_VOTOS_NOMINAIS;QT_VOTOS_NOMINAIS_VALIDOS;LATITUDE;LONGITUDE;COALITION
RR;ALTO ALEGRE;Prefeito;10;WAGNER DE OLIVEIRA NUNES;WAGNER NUNES;10;REPUBLICANOS;REPUBLICANOS;Eleito;1;6983;6983;2,990093;-61,308965;right
RR;ALTO ALEGRE;Prefeito;11;JOSE OTACI BARROSO DO NASCIMENTO;OTTACI;11;PP;PROGRESSISTAS;Não eleito;1;4114;4114;2,990093;-61,308965;center-right
GO;ANAPOLIS;Prefeito;22;MARCIO AURELIO CORREA;MARCIO CORREA;22;PL;Partido Liberal;2º Turno;1;97049;97049;-16,333283;-48,952576;right
GO;ANAPOLIS;Prefeito;13;ANTONIO ROBERTO OTONI GOMIDE;ANTONIO GOMIDE;13;PT;Partido dos Trabalhadores;2º Turno;1;69370;69370;-16,333283;-48,952576;center-left
GO;ANAPOLIS;Prefeito;44;EERIZANIA ENEAS DE FREITAS;EERIZANIA FREITAS;44;UNIO;Unio Brasil;Não eleito;1;21287;21287;-16,333283;-48,952576;center-right
GO;ANAPOLIS;Prefeito;45;HELIO JOSE LOPES;HELIO DA APAE;45;PSDB;Partido da Social Democracia Brasileira;Não eleito;1;4895;4895;-16,333283;-48,952576;center
GO;ANAPOLIS;Prefeito;35;JOSE RODRIGUES DE LIMA NETO;JOSE DE LIMA;35;PMB;Partido da Mulher Brasileira;Não eleito;1;3083;3083;-16,333283;-48,952576;center-right
GO;APARECIDA DE GOIANIA;Prefeito;15;LEANDRO VILELA VELLOSO;LEANDRO VILELA;15;MDB;Movimento Democrático Brasileiro;2º Turno;1;109793;109793;-16,822677;-49,245255;center
GO;APARECIDA DE GOIANIA;Prefeito;22;ALCIDES RIBEIRO FILHO;PROFESSOR ALCIDES;22;PL;Partido Liberal;2º Turno;1;98415;98415;-16,822677;-49,245255;right
GO;APARECIDA DE GOIANIA;Prefeito;40;WILLIAN RODRIGUES FIGUEIREDO;WILLIAN PANDA;40;PSB;Partido Socialista Brasileiro;Não eleito;1;20443;20443;-16,822677;-49,245255;center
AL;ARAPIRACA;Prefeito;15;JOSE LUCIANO BARBOSA DA SILVA;LUCIANO BARBOSA;15;MDB;Movimento Democrático Brasileiro;Eleito;1;100890;100890;-9,754866;-36,661471;center
AL;ARAPIRACA;Prefeito;22;FABIANA CAVALCANTE PESSOA;FABIANA PESSOA;22;PL;Partido Liberal;Não eleito;1;16635;16635;-9,754866;-36,661471;right
AL;ARAPIRACA;Prefeito;50;SILVIO CEZAR BALBINO DA SILVA;DR SILVIO CEZAR;50;PSOL;Partido Socialismo e Liberdade;Não eleito;1;583;583;-9,754866;-36,661471;left
AL;ARAPIRACA;Prefeito;45;LINDOMAR FERREIRA DE QUEIROZ;LINDOMAR FERREIRA;45;PSDB;Partido da Social Democracia Brasileira;Não eleito;1;536;536;-9,754866;-36,661471;center
RO;ARIQUEMES;Prefeito;44;CARLA GONCALVES REZENDE;CARLA REDANO;44;UNIO;Unio Brasil;Eleito;1;23816;23816;-9,907652;-63,033069;center-right
RO;ARIQUEMES;Prefeito;11;MARLEI MENEZES FEIER MEZZOMO;MARLEI MEZZOMO;11;PP;PROGRESSISTAS;Não eleito;1;23734;23734;-9,907652;-63,033069;center-right
RO;ARIQUEMES;Prefeito;15;AGNA MARIA DE SOUZA;AGNA SOUZA;15;MDB;Movimento Democrático Brasileiro;Não eleito;1;1485;1485;-9,907652;-63,033069;center
MA;BACABAL;Prefeito;15;JOSE ROBERTO COSTA SANTOS;ROBERTO COSTA;15;MDB;Movimento Democrático Brasileiro;Eleito;1;30790;30790;-4,231813;-44,781167;center
MA;BACABAL;Prefeito;44;ANTONIO MARCOS BEZERRA MIRANDA;MARCOS MIRANDA;44;UNIO;Unio Brasil;Não eleito;1;23278;23278;-4,231813;-44,781167;center-right
MA;BACABAL;Prefeito;30;PLINIO OLIVEIRA SILVA;PLINIO OLIVEIRA;30;NOVO;Partido Novo;Não eleito;1;1781;1781;-4,231813;-44,781167;right
MA;BACABAL;Prefeito;33;JOSE DE RIBAMAR JANSEN PENHA;JANSEN PENHA;33;MOBILIZA;Mobilização Nacional;Não eleito;1;59;59;-4,231813;-44,781167;center
MG;BELO HORIZONTE;Prefeito;22;BRUNO DE CASTRO ENGLER FLORENCIO DE ALMEIDA;BRUNO ENGLER;22;PL;Partido Liberal;2º Turno;1;435853;435853;-19,922732;-43,945095;right
MG;BELO HORIZONTE;Prefeito;55;FUAD JORGE NOMAN FILHO;FUAD NOMAN;55;PSD;Partido Social Democrático;2º Turno;1;336442;336442;-19,922732;-43,945095;center-right
MG;BELO HORIZONTE;Prefeito;10;MAURO HENRIQUE TRAMONTE;MAURO TRAMONTE;10;REPUBLICANOS;REPUBLICANOS;Não eleito;1;192991;192991;-19,922732;-43,945095;right
MG;BELO HORIZONTE;Prefeito;15;GABRIEL SOUSA MARQUES DE AZEVEDO;GABRIEL;15;MDB;Movimento Democrático Brasileiro;Não eleito;1;133728;133728;-19,922732;-43,945095;center
MG;BELO HORIZONTE;Prefeito;12;DUDA SALABERT ROSA;DUDA SALABERT;12;PDT;Partido Democrático Trabalhista;Não eleito;1;97315;97315;-19,922732;-43,945095;center-left
SC;BLUMENAU;Prefeito;22;EGIDIO MACIEL FERRARI;DELEGADO EGIDIO;22;PL;Partido Liberal;Eleito;1;95075;95075;-26,919557;-49,065802;right
SC;BLUMENAU;Prefeito;30;ODAIR TRAMONTIN;ODAIR TRAMONTIN;30;NOVO;Partido Novo;Não eleito;1;55968;55968;-26,919557;-49,065802;right
SC;BLUMENAU;Prefeito;13;ANA PAULA DE SOUZA LIMA;ANA PAULA LIMA;13;PT;Partido dos Trabalhadores;Não eleito;1;29071;29071;-26,919557;-49,065802;center-left
SC;BLUMENAU;Prefeito;20;RICARDO JOAO PELUSO ALBA;RICARDO ALBA;20;PODE;Podemos;Não eleito;1;3383;3383;-26,919557;-49,065802;center-right
SC;BLUMENAU;Prefeito;50;ROSANE MAGALY MARTINS;ROSANE;50;PSOL;Partido Socialismo e Liberdade;Não eleito;1;1490;1490;-26,919557;-49,065802;left
RR;BOA VISTA;Prefeito;15;ARTHUR HENRIQUE BRANDAO MACHADO;ARTHUR HENRIQUE;15;MDB;Movimento Democrático Brasileiro;Eleito;1;133180;133180;2,820848;-60,671958;center
RR;BOA VISTA;Prefeito;44;CATARINA DE LIMA GUERRA DA SILVA;CATARINA GUERRA;44;UNIO;Unio Brasil;Não eleito;1;40410;40410;2,820848;-60,671958;center-right
RR;BOA VISTA;Prefeito;43;MAURO NAKASHIMA DE MELO;MAURO NAKASHIMA;43;PV;Partido Verde;Não eleito;1;2066;2066;2,820848;-60,671958;center-left
ES;CACHOEIRO DE ITAPEMIRIM;Prefeito;11;THEODORICO DE ASSIS FERRACO;FERRACO;11;PP;PROGRESSISTAS;Eleito;1;44240;44240;-20,848084;-41,11129;center-right
ES;CACHOEIRO DE ITAPEMIRIM;Prefeito;22;LEONARDO CLEITON CAMARGO;LEO CAMARGO;22;PL;Partido Liberal;Não eleito;1;23861;23861;-20,848084;-41,11129;right
ES;CACHOEIRO DE ITAPEMIRIM;Prefeito;10;DIEGO LIBARDI;DIEGO LIBARDI;10;REPUBLICANOS;REPUBLICANOS;Não eleito;1;20030;20030;-20,848084;-41,11129;right
ES;CACHOEIRO DE ITAPEMIRIM;Prefeito;40;LORENA VASQUES SILVEIRA;LORENA VASQUES;40;PSB;Partido Socialista Brasileiro;Não eleito;1;11643;11643;-20,848084;-41,11129;center
ES;CACHOEIRO DE ITAPEMIRIM;Prefeito;13;CARLOS ROBERTO CASTEGLIONE DIAS;CASTEGLIONE;13;PT;Partido dos Trabalhadores;Não eleito;1;3578;3578;-20,848084;-41,11129;center-left
RO;CACOAL;Prefeito;55;ADAILTON ANTUNES FERREIRA;ADAILTON FURIA;55;PSD;Partido Social Democrático;Eleito;1;40270;40270;-11,4333;-61,44205;center-right
RO;CACOAL;Prefeito;22;CELSO DE OLIVEIRA SOUZA;CELSO POPO;22;PL;Partido Liberal;Não eleito;1;6225;6225;-11,4333;-61,44205;right
RO;CACOAL;Prefeito;12;ALMIR NARAYAMOGA SURUI;ALMIR SURUI;12;PDT;Partido Democrático Trabalhista;Não eleito;1;1929;1929;-11,4333;-61,44205;center-left
PB;CAMPINA GRANDE;Prefeito;44;BRUNO CUNHA LIMA BRANCO;BRUNO CUNHA LIMA;44;UNIO;Unio Brasil;2º Turno;1;110807;110807;-7,224674;-35,877129;center-right
PB;CAMPINA GRANDE;Prefeito;40;JHONY WESLLYS BEZERRA COSTA;DR JHONY;40;PSB;Partido Socialista Brasileiro;2º Turno;1;79471;79471;-7,224674;-35,877129;center
PB;CAMPINA GRANDE;Prefeito;65;INACIO JUSTINO FALCAO PEREIRA;INACIO FALCAO;65;PC DO B;Partido Comunista do Brasil;Não eleito;1;16448;16448;-7,224674;-35,877129;left
PB;CAMPINA GRANDE;Prefeito;30;JOSE ARTUR MELO DE ALMEIDA;ARTUR BOLINHA;30;NOVO;Partido Novo;Não eleito;1;16282;16282;-7,224674;-35,877129;right
PB;CAMPINA GRANDE;Prefeito;12;ANDRE RIBEIRO BARBOSA;ANDRE RIBEIRO;12;PDT;Partido Democrático Trabalhista;Não eleito;1;5386;5386;-7,224674;-35,877129;center-left
SP;CAMPINAS;Prefeito;10;DARIO JORGE GIOLO SAADI;DARIO SAADI;10;REPUBLICANOS;REPUBLICANOS;Eleito;1;355800;355800;-22,905639;-47,059564;right
SP;CAMPINAS;Prefeito;13;PEDRO TOURINHO DE SIQUEIRA;PEDRO TOURINHO;13;PT;Partido dos Trabalhadores;Não eleito;1;123500;123500;-22,905639;-47,059564;center-left
SP;CAMPINAS;Prefeito;23;RAFAEL FERNANDO ZIMBALDI;RAFA ZIMBALDI;23;CIDADANIA;Cidadania;Não eleito;1;42557;42557;-22,905639;-47,059564;center
SP;CAMPINAS;Prefeito;30;WILSON KELLER DE MATOS;WILSON MATOS;30;NOVO;Partido Novo;Não eleito;1;10013;10013;-22,905639;-47,059564;right
SP;CAMPINAS;Prefeito;29;ANGELINA DIAS DA SILVA;ANGELINA DIAS;29;PCO;Partido da Causa Operária;Não eleito;1;997;0;-22,905639;-47,059564;far-left
MS;CAMPO GRANDE;Prefeito;11;ADRIANE BARBOSA NOGUEIRA LOPES;ADRIANE LOPES;11;PP;PROGRESSISTAS;2º Turno;1;140913;140913;-20,464017;-54,616295;center-right
MS;CAMPO GRANDE;Prefeito;44;ROSIANE MODESTO DE OLIVEIRA;ROSE MODESTO;44;UNIO;Unio Brasil;2º Turno;1;131525;131525;-20,464017;-54,616295;center-right
MS;CAMPO GRANDE;Prefeito;45;HUMBERTO REZENDE PEREIRA;BETO PEREIRA;45;PSDB;Partido da Social Democracia Brasileira;Não eleito;1;115516;115516;-20,464017;-54,616295;center
MS;CAMPO GRANDE;Prefeito;13;CAMILA BAZACHI JARA MARZOCHI;CAMILA JARA;13;PT;Partido dos Trabalhadores;Não eleito;1;41966;41966;-20,464017;-54,616295;center-left
MS;CAMPO GRANDE;Prefeito;30;HUMBERTO SAVIO ABUSSAFI FIGUEIRO;BETO FIGUEIRO;30;NOVO;Partido Novo;Não eleito;1;10885;10885;-20,464017;-54,616295;right
RJ;CAMPOS DOS GOYTACAZES;Prefeito;11;WLADIMIR BARROS ASSED MATHEUS DE OLIVEIRA;WLADIMIR GAROTINHO;11;PP;PROGRESSISTAS;Eleito;1;192232;192232;-21,7546;-41,3242;center-right
RJ;CAMPOS DOS GOYTACAZES;Prefeito;44;MADELEINE FARIAS RANGEL DYKEMAN;DELEGADA MADELEINE;44;UNIO;Unio Brasil;Não eleito;1;67354;67354;-21,7546;-41,3242;center-right
RJ;CAMPOS DOS GOYTACAZES;Prefeito;13;JEFFERSON MANHAES DE AZEVEDO;PROFESSOR JEFFERSON;13;PT;Partido dos Trabalhadores;Não eleito;1;13222;13222;-21,7546;-41,3242;center-left
RJ;CAMPOS DOS GOYTACAZES;Prefeito;25;RAPHAEL ELBAS NERI DE THUIN;THUIN;25;PRD;Partido Renovação Democrática;Não eleito;1;2490;2490;-21,7546;-41,3242;right
RJ;CAMPOS DOS GOYTACAZES;Prefeito;30;ALEXANDRE BUCHAUL DE AZEVEDO;DR BUCHAUL;30;NOVO;Partido Novo;Não eleito;1;1801;1801;-21,7546;-41,3242;right
PE;CARUARU;Prefeito;45;RODRIGO ANSELMO PINHEIRO DOS SANTOS;RODRIGO PINHEIRO;45;PSDB;Partido da Social Democracia Brasileira;Eleito;1;102198;102198;-8,28297;-35,972285;center
PE;CARUARU;Prefeito;12;JOSE QUEIROZ DE LIMA;ZE QUEIROZ;12;PDT;Partido Democrático Trabalhista;Não eleito;1;66253;66253;-8,28297;-35,972285;center-left
PE;CARUARU;Prefeito;22;FERNANDO RODOLFO TENORIO DE VASCONCELOS;FERNANDO RODOLFO;22;PL;Partido Liberal;Não eleito;1;17326;17326;-8,28297;-35,972285;right
PE;CARUARU;Prefeito;77;ARMANDO DANTAS DE BARROS FILHO;ARMANDINHO;77;SOLIDARIEDADE;Solidariedade;Não eleito;1;4499;4499;-8,28297;-35,972285;center
PE;CARUARU;Prefeito;50;MICHELLE CARINE DOS SANTOS SIQUEIRA;MICHELLE SANTOS;50;PSOL;Partido Socialismo e Liberdade;Não eleito;1;3443;3443;-8,28297;-35,972285;left
PA;CASTANHAL;Prefeito;44;HELIO LEITE DA SILVA;HELIO LEITE;44;UNIO;Unio Brasil;Eleito;1;49082;49082;-1,292703;-47,92239;center-right
PA;CASTANHAL;Prefeito;15;PAULO SERGIO RODRIGUES TITAN;TITAN;15;MDB;Movimento Democrático Brasileiro;Não eleito;1;40480;40480;-1,292703;-47,92239;center
PA;CASTANHAL;Prefeito;22;PEDRO COELHO DA MOTA FILHO;PEDRO COELHO;22;PL;Partido Liberal;Não eleito;1;14400;14400;-1,292703;-47,92239;right
PA;CASTANHAL;Prefeito;30;DAVI CARVALHO ROCHA;DAVI ROCHA;30;NOVO;Partido Novo;Não eleito;1;8179;8179;-1,292703;-47,92239;right
MA;CAXIAS;Prefeito;11;JOSE GENTIL ROSA NETO;GENTIL NETO;11;PP;PROGRESSISTAS;Eleito;1;43352;43352;-4,86542;-43,353664;center-right
MA;CAXIAS;Prefeito;22;PAULO CELSO FONSECA MARINHO JUNIOR;PAULINHO;22;PL;Partido Liberal;Não eleito;1;42787;42787;-4,86542;-43,353664;right
MA;CAXIAS;Prefeito;45;LYCIA MAYARA WAQUIM;LYCIA WAQUIM;45;PSDB;Partido da Social Democracia Brasileira;Não eleito;1;2342;2342;-4,86542;-43,353664;center
MA;CAXIAS;Prefeito;50;EDMILSON SANCHES;EDMILSON SANCHES;50;PSOL;Partido Socialismo e Liberdade;Não eleito;1;531;531;-4,86542;-43,353664;left
RS;CAXIAS DO SUL;Prefeito;22;MAURICIO FERNANDO SCALCO;SCALCO;22;PL;Partido Liberal;2º Turno;1;89260;89260;-29,168505;-51,179639;right
RS;CAXIAS DO SUL;Prefeito;45;ADILO ANGELO DIDOMENICO;ADILO;45;PSDB;Partido da Social Democracia Brasileira;2º Turno;1;64537;64537;-29,168505;-51,179639;center
RS;CAXIAS DO SUL;Prefeito;13;DENISE DA SILVA PESSOA;DENISE PESSOA;13;PT;Partido dos Trabalhadores;Não eleito;1;61684;61684;-29,168505;-51,179639;center-left
RS;CAXIAS DO SUL;Prefeito;15;FELIPE JOAO GREMELMAIER;FELIPE GREMELMAIER;15;MDB;Movimento Democrático Brasileiro;Não eleito;1;19172;19172;-29,168505;-51,179639;center
AM;COARI;Prefeito;10;MANOEL ADAIL AMARAL PINHEIRO;ADAIL PINHEIRO;10;REPUBLICANOS;REPUBLICANOS;Eleito;1;20316;20316;-4,088596;-63,143117;right
AM;COARI;Prefeito;35;HARBEN GOMES AVELAR;HARBEN AVELAR;35;PMB;Partido da Mulher Brasileira;Não eleito;1;18992;18992;-4,088596;-63,143117;center-right
AM;COARI;Prefeito;13;JOSILEIDE LOPES DA SILVA;JOSI LOPES DO PT;13;PT;Partido dos Trabalhadores;Não eleito;1;375;375;-4,088596;-63,143117;center-left
AM;COARI;Prefeito;33;RAIONE CABRAL QUEIROZ;DR. RAIONE CABRAL;33;MOBILIZA;Mobilização Nacional;Não eleito;1;62;62;-4,088596;-63,143117;center
MS;CORUMBA;Prefeito;40;GABRIEL ALVES DE OLIVEIRA;DR. GABRIEL;40;PSB;Partido Socialista Brasileiro;Eleito;1;28394;28394;-19,000603;-57,650754;center
MS;CORUMBA;Prefeito;11;LUIZ ANTONIO DA SILVA;LUIZ ANTONIO PARDAL;11;PP;PROGRESSISTAS;Não eleito;1;10659;10659;-19,000603;-57,650754;center-right
MS;CORUMBA;Prefeito;22;ANDRE DE ARRUDA CAMPOS;ANDRE CAMPOS;22;PL;Partido Liberal;Não eleito;1;5944;5944;-19,000603;-57,650754;right
MS;CORUMBA;Prefeito;25;DELCIDIO DO AMARAL GOMEZ;DELCIDIO AMARAL;25;PRD;Partido Renovação Democrática;Não eleito;1;5043;5043;-19,000603;-57,650754;right
AC;CRUZEIRO DO SUL;Prefeito;11;JOSE DE SOUZA LIMA;ZEQUINHA LIMA;11;PP;PROGRESSISTAS;Eleito;1;24478;24478;-7,636248;-72,669165;center-right
AC;CRUZEIRO DO SUL;Prefeito;15;JESSICA ROJAS SALES;JESSICA SALES;15;MDB;Movimento Democrático Brasileiro;Não eleito;1;24281;24281;-7,636248;-72,669165;center
MT;CUIABA;Prefeito;22;ABILIO JACQUES BRUNINI MOUMER;ABILIO;22;PL;Partido Liberal;2º Turno;1;126944;126944;-15,598669;-56,09913;right
MT;CUIABA;Prefeito;13;LUDIO FRANK MENDES CABRAL;LUDIO;13;PT;Partido dos Trabalhadores;2º Turno;1;90719;90719;-15,598669;-56,09913;center-left
MT;CUIABA;Prefeito;44;JOSE EDUARDO BOTELHO;EDUARDO BOTELHO;44;UNIO;Unio Brasil;Não eleito;1;88977;88977;-15,598669;-56,09913;center-right
MT;CUIABA;Prefeito;15;DOMINGOS KENNEDY GARCIA SALES;KENNEDY;15;MDB;Movimento Democrático Brasileiro;Não eleito;1;13805;13805;-15,598669;-56,09913;center
PR;CURITIBA;Prefeito;55;EDUARDO PIMENTEL SLAVIERO;EDUARDO PIMENTEL;55;PSD;Partido Social Democrático;2º Turno;1;313347;313347;-25,494438;-49,284271;center-right
PR;CURITIBA;Prefeito;35;CRISTINA REIS GRAEML;CRISTINA GRAEML;35;PMB;Partido da Mulher Brasileira;2º Turno;1;291523;291523;-25,494438;-49,284271;center-right
PR;CURITIBA;Prefeito;40;LUCIANO DUCCI;LUCIANO DUCCI;40;PSB;Partido Socialista Brasileiro;Não eleito;1;181770;181770;-25,494438;-49,284271;center
PR;CURITIBA;Prefeito;44;NEY LEPREVOST NETO;NEY LEPREVOST;44;UNIO;Unio Brasil;Não eleito;1;60675;60675;-25,494438;-49,284271;center-right
PR;CURITIBA;Prefeito;77;LUIZ GOULARTE ALVES;LUIZAO GOULART;77;SOLIDARIEDADE;Solidariedade;Não eleito;1;41271;41271;-25,494438;-49,284271;center
MS;DOURADOS;Prefeito;45;MARCAL GONCALVES LEITE FILHO;MARCAL FILHO;45;PSDB;Partido da Social Democracia Brasileira;Eleito;1;60418;60418;-22,220614;-54,812208;center
MS;DOURADOS;Prefeito;11;ALAN AQUINO GUEDES DE MENDONCA;ALAN GUEDES;11;PP;PROGRESSISTAS;Não eleito;1;34027;34027;-22,220614;-54,812208;center-right
MS;DOURADOS;Prefeito;13;TIAGO RESENDE BOTELHO;TIAGO BOTELHO;13;PT;Partido dos Trabalhadores;Não eleito;1;17845;17845;-22,220614;-54,812208;center-left
MS;DOURADOS;Prefeito;12;FRANCISCA FELISBELA DE BARROS;BELA BARROS;12;PDT;Partido Democrático Trabalhista;Não eleito;1;5476;5476;-22,220614;-54,812208;center-left
MS;DOURADOS;Prefeito;30;RACIB PANAGE HARB;RACIB HARB;30;NOVO;Partido Novo;Não eleito;1;2455;2455;-22,220614;-54,812208;right
RJ;DUQUE DE CAXIAS;Prefeito;15;JONATHAS REGO MONTEIRO PORTO NETO;NETINHO REIS;15;MDB;Movimento Democrático Brasileiro;Eleito;1;243850;243850;-22,789623;-43,309929;center
RJ;DUQUE DE CAXIAS;Prefeito;43;JOSE CAMILO ZITO DOS SANTOS FILHO;ZITO;43;PV;Partido Verde;Não eleito;1;127399;127399;-22,789623;-43,309929;center-left
RJ;DUQUE DE CAXIAS;Prefeito;44;CELSO LUIS PEREIRA DO NASCIMENTO;CELSO DO ALBA;44;UNIO;Unio Brasil;Não eleito;1;56352;56352;-22,789623;-43,309929;center-right
RJ;DUQUE DE CAXIAS;Prefeito;40;WESLEY TEIXEIRA SILVA;WESLEY TEIXEIRA;40;PSB;Partido Socialista Brasileiro;Não eleito;1;23329;23329;-22,789623;-43,309929;center
BA;FEIRA DE SANTANA;Prefeito;44;JOSE RONALDO DE CARVALHO;JOSE RONALDO;44;UNIO;Unio Brasil;Eleito;1;165970;165970;-12,257893;-38,959805;center-right
BA;FEIRA DE SANTANA;Prefeito;13;JOSE CERQUEIRA DE SANTANA NETO;ZE NETO;13;PT;Partido dos Trabalhadores;Não eleito;1;154147;154147;-12,257893;-38,959805;center-left
BA;FEIRA DE SANTANA;Prefeito;30;CARLOS MEDEIROS MIRANDA;CARLOS MEDEIROS;30;NOVO;Partido Novo;Não eleito;1;9717;9717;-12,257893;-38,959805;right
PI;FLORIANO;Prefeito;55;ANTONIO REIS NETO;ANTONIO REIS;55;PSD;Partido Social Democrático;Eleito;1;19200;19200;-6,767574;-43,022261;center-right
PI;FLORIANO;Prefeito;13;MARCUS VINICIUS MALHEIROS KALUME;DR MARCUS VINICIUS;13;PT;Partido dos Trabalhadores;Não eleito;1;15269;15269;-6,767574;-43,022261;center-left
PI;FLORIANO;Prefeito;22;CLAUDEMIR REZENDE BARROS;BILU DO POVO;22;PL;Partido Liberal;Não eleito;1;644;644;-6,767574;-43,022261;right
CE;FORTALEZA;Prefeito;22;ANDRE FERNANDES DE MOURA;ANDRE FERNANDES;22;PL;Partido Liberal;2º Turno;1;562305;562305;-3,730451;-38,521799;right
CE;FORTALEZA;Prefeito;13;EVANDRO SA BARRETO LEITAO;EVANDRO LEITAO;13;PT;Partido dos Trabalhadores;2º Turno;1;480174;480174;-3,730451;-38,521799;center-left
CE;FORTALEZA;Prefeito;12;JOSE SARTO NOGUEIRA MOREIRA;JOSE SARTO;12;PDT;Partido Democrático Trabalhista;Não eleito;1;164402;164402;-3,730451;-38,521799;center-left
CE;FORTALEZA;Prefeito;44;WAGNER SOUSA GOMES;CAPITAO WAGNER;44;UNIO;Unio Brasil;Não eleito;1;159426;159426;-3,730451;-38,521799;center-right
CE;FORTALEZA;Prefeito;30;LUIS EDUARDO GRANGEIRO GIRAO;EDUARDO GIRAO;30;NOVO;Partido Novo;Não eleito;1;14878;14878;-3,730451;-38,521799;right
GO;GOIANIA;Prefeito;22;FREDERICO GUSTAVO RODRIGUES DA CUNHA;FRED RODRIGUES;22;PL;Partido Liberal;2º Turno;1;214253;214253;-16,680882;-49,253269;right
GO;GOIANIA;Prefeito;44;SANDRO DA MABEL ANTONIO SCODRO;MABEL;44;UNIO;Unio Brasil;2º Turno;1;190278;190278;-16,680882;-49,253269;center-right
GO;GOIANIA;Prefeito;13;ADRIANA SAUTHIER ACCORSI;ADRIANA ACCORSI;13;PT;Partido dos Trabalhadores;Não eleito;1;168145;168145;-16,680882;-49,253269;center-left
GO;GOIANIA;Prefeito;45;MATHEUS ARAUJO RIBEIRO;MATHEUS RIBEIRO;45;PSDB;Partido da Social Democracia Brasileira;Não eleito;1;46875;46875;-16,680882;-49,253269;center
GO;GOIANIA;Prefeito;55;VANDERLAN VIEIRA CARDOSO;VANDERLAN CARDOSO;55;PSD;Partido Social Democrático;Não eleito;1;45186;45186;-16,680882;-49,253269;center-right
TO;GURUPI;Prefeito;44;JOSINIANE BRAGA NUNES;JOSI NUNES;44;UNIO;Unio Brasil;Eleito;1;25533;25533;-11,72794;-49,068046;center-right
TO;GURUPI;Prefeito;55;EDUARDO MALHEIRO RIBEIRO FORTES;EDUARDO FORTES;55;PSD;Partido Social Democrático;Não eleito;1;17655;17655;-11,72794;-49,068046;center-right
TO;GURUPI;Prefeito;45;CRISTIANO PISONI;CRISTIANO PISONI;45;PSDB;Partido da Social Democracia Brasileira;Não eleito;1;2846;2846;-11,72794;-49,068046;center
CE;IGUATU;Prefeito;45;CARLOS ROBERTO COSTA FILHO;ROBERTO FILHO;45;PSDB;Partido da Social Democracia Brasileira;Eleito;1;29069;29069;-6,361934;-39,297223;center
CE;IGUATU;Prefeito;13;JOSE ILO ALVES DANTAS NETO;ILO NETO;13;PT;Partido dos Trabalhadores;Não eleito;1;27046;27046;-6,361934;-39,297223;center-left
CE;IGUATU;Prefeito;40;JOSE DE SA VILAROUCA;SA;40;PSB;Partido Socialista Brasileiro;Não eleito;1;2031;2031;-6,361934;-39,297223;center
MA;IMPERATRIZ;Prefeito;11;RILDO DE OLIVEIRA AMARAL;RILDO AMARAL;11;PP;PROGRESSISTAS;2º Turno;1;55149;55149;-5,526928;-47,478115;center-right
MA;IMPERATRIZ;Prefeito;10;TACILLA MARIANA CARVALHO SILVA;MARIANA CARVALHO;10;REPUBLICANOS;REPUBLICANOS;2º Turno;1;41172;41172;-5,526928;-47,478115;right
MA;IMPERATRIZ;Prefeito;55;JOSIVALDO DOS SANTOS MELO;JOSIVALDO JP;55;PSD;Partido Social Democrático;Não eleito;1;32689;32689;-5,526928;-47,478115;center-right
MA;IMPERATRIZ;Prefeito;30;NILSON TAKASHI HAMADA;NILSON TAKASHI;30;NOVO;Partido Novo;Não eleito;1;16073;16073;-5,526928;-47,478115;right
MA;IMPERATRIZ;Prefeito;65;MARCO AURELIO DA SILVA AZEVEDO;MARCO AURELIO;65;PC DO B;Partido Comunista do Brasil;Não eleito;1;9060;9060;-5,526928;-47,478115;left
SE;ITABAIANA;Prefeito;22;VALMIR DOS SANTOS COSTA;VALMIR DE FRANCISQUINHO;22;PL;Partido Liberal;Eleito;1;35897;35897;-10,68562;-37,427052;right
SE;ITABAIANA;Prefeito;55;EDSON VIEIRA PASSOS;EDSON PASSOS;55;PSD;Partido Social Democrático;Não eleito;1;25346;25346;-10,68562;-37,427052;center-right
AM;ITACOATIARA;Prefeito;10;MARIO JORGE BOUEZ ABRAHIM;MARIO ABRAHIM;10;REPUBLICANOS;REPUBLICANOS;Eleito;1;31614;31614;-3,14779;-58,446104;right
AM;ITACOATIARA;Prefeito;22;ALCIMAR MACIEL PEREIRA;CABO MACIEL;22;PL;Partido Liberal;Não eleito;1;18380;18380;-3,14779;-58,446104;right
AM;ITACOATIARA;Prefeito;20;ARNOUD LUCAS ANDRADE DA SILVA;ARNOUD LUCAS;20;PODE;Podemos;Não eleito;1;2708;2708;-3,14779;-58,446104;center-right
AM;ITACOATIARA;Prefeito;12;MARCONDE MARTINS RODRIGUES;DR MARCONDE RODRIGUES;12;PDT;Partido Democrático Trabalhista;Não eleito;1;2226;0;-3,14779;-58,446104;center-left
AM;ITACOATIARA;Prefeito;25;THIDY GOMES DE QUEIROZ;THIDY QUEIROZ;25;PRD;Partido Renovação Democrática;Não eleito;1;1500;1500;-3,14779;-58,446104;right
RO;JI-PARANA;Prefeito;22;AFFONSO ANTONIO CANDIDO;AFFONSO CANDIDO;22;PL;Partido Liberal;Eleito;1;43371;43371;-10,877815;-61,927785;right
RO;JI-PARANA;Prefeito;44;ISAU RAIMUNDO DA FONSECA;ISAU FONSECA;44;UNIO;Unio Brasil;Não eleito;1;23321;23321;-10,877815;-61,927785;center-right
RO;JI-PARANA;Prefeito;20;ZENILTON FELBEK DE ALMEIDA;DR FELBEK;20;PODE;Podemos;Não eleito;1;794;794;-10,877815;-61,927785;center-right
SC;JOINVILLE;Prefeito;30;ADRIANO BORNSCHEIN SILVA;ADRIANO SILVA;30;NOVO;Partido Novo;Eleito;1;244321;244321;-26,30449;-48,848673;right
SC;JOINVILLE;Prefeito;22;CARLOS HENRIQUE DE LIMA;SARGENTO LIMA;22;PL;Partido Liberal;Não eleito;1;35667;35667;-26,30449;-48,848673;right
SC;JOINVILLE;Prefeito;13;CARLITO MERSS;CARLITO MERSS;13;PT;Partido dos Trabalhadores;Não eleito;1;23278;23278;-26,30449;-48,848673;center-left
SC;JOINVILLE;Prefeito;15;LUIZ CLAUDIO GUBERT;LUIZ CLAUDIO GUBERT;15;MDB;Movimento Democrático Brasileiro;Não eleito;1;4285;4285;-26,30449;-48,848673;center
SC;JOINVILLE;Prefeito;40;RODRIGO MEYER BORNHOLDT;RODRIGO BORNHOLDT;40;PSB;Partido Socialista Brasileiro;Não eleito;1;2946;2946;-26,30449;-48,848673;center
PB;JOAO PESSOA;Prefeito;11;CICERO DE LUCENA FILHO;CICERO LUCENA;11;PP;PROGRESSISTAS;2º Turno;1;205122;205122;-7,121598;-34,882028;center-right
PB;JOAO PESSOA;Prefeito;22;MARCELO ANTONIO CARTAXO QUEIROGA LOPES;MARCELO QUEIROGA;22;PL;Partido Liberal;2º Turno;1;90840;90840;-7,121598;-34,882028;right
PB;JOAO PESSOA;Prefeito;20;RUY MANUEL CARNEIRO BARBOSA DE ACA BELCHIOR;RUY CARNEIRO;20;PODE;Podemos;Não eleito;1;69712;69712;-7,121598;-34,882028;center-right
PB;JOAO PESSOA;Prefeito;13;LUCIANO CARTAXO PIRES DE SA;LUCIANO CARTAXO;13;PT;Partido dos Trabalhadores;Não eleito;1;49110;49110;-7,121598;-34,882028;center-left
PB;JOAO PESSOA;Prefeito;80;YURI EZEQUIEL DE LIMA SILVA;YURI EZEQUIEL;80;UP;Unidade Popular;Não eleito;1;2237;2237;-7,121598;-34,882028;left
CE;JUAZEIRO DO NORTE;Prefeito;20;GLEDSON LIMA BEZERRA;GLEDSON BEZERRA;20;PODE;Podemos;Eleito;1;83514;83514;-7,215345;-39,315334;center-right
CE;JUAZEIRO DO NORTE;Prefeito;13;FERNANDO MATOS SANTANA;FERNANDO SANTANA;13;PT;Partido dos Trabalhadores;Não eleito;1;70936;70936;-7,215345;-39,315334;center-left
CE;JUAZEIRO DO NORTE;Prefeito;80;SUED CARVALHO;SUED CARVALHO;80;UP;Unidade Popular;Não eleito;1;2303;2303;-7,215345;-39,315334;left
CE;JUAZEIRO DO NORTE;Prefeito;29;LINO ALVES DE ALMEIDA;LINO ALVES;29;PCO;Partido da Causa Operária;Não eleito;1;151;0;-7,215345;-39,315334;far-left
MG;JUIZ DE FORA;Prefeito;13;MARIA MARGARIDA MARTINS SALOMAO;MARGARIDA SALOMAO;13;PT;Partido dos Trabalhadores;Eleito;1;150848;150848;-21,760953;-43,350113;center-left
MG;JUIZ DE FORA;Prefeito;22;CHARLLES THOMACELLI EVANGELISTA;CHARLLES EVANGELISTA;22;PL;Partido Liberal;Não eleito;1;76953;76953;-21,760953;-43,350113;right
MG;JUIZ DE FORA;Prefeito;70;IONE MARIA MOREIRA DIAS BARBOSA;IONE;70;AVANTE;AVANTE;Não eleito;1;27732;27732;-21,760953;-43,350113;center
MG;JUIZ DE FORA;Prefeito;15;JULIO CESAR DELGADO;JULIO DELGADO;15;MDB;Movimento Democrático Brasileiro;Não eleito;1;17214;17214;-21,760953;-43,350113;center
MG;JUIZ DE FORA;Prefeito;10;ISAURO JOSE DE CALAIS FILHO;ISAURO CALAIS;10;REPUBLICANOS;REPUBLICANOS;Não eleito;1;5832;5832;-21,760953;-43,350113;right
SE;LAGARTO;Prefeito;55;ARTUR SERGIO DE ALMEIDA REIS;SERGIO;55;PSD;Partido Social Democrático;Eleito;1;33387;33387;-10,914501;-37,67111;center-right
SE;LAGARTO;Prefeito;10;RAFAELA RIBEIRO LIMA;RAFAELA ;10;REPUBLICANOS;REPUBLICANOS;Não eleito;1;30352;30352;-10,914501;-37,67111;right
SE;LAGARTO;Prefeito;13;BENIZARIO CORREIA DE SOUZA JUNIOR;PROFESSOR BENIZARIO;13;PT;Partido dos Trabalhadores;Não eleito;1;1458;1458;-10,914501;-37,67111;center-left
AP;LARANJAL DO JARI;Prefeito;44;MARCEL JANDSON MENEZES;TEDDY;44;UNIO;Unio Brasil;Eleito;1;14797;14797;-0,841999;-52,516;center-right
AP;LARANJAL DO JARI;Prefeito;55;JOSE AURIVAM GOMES DA SILVA;TENENTE AURIVAM;55;PSD;Partido Social Democrático;Não eleito;1;5838;5838;-0,841999;-52,516;center-right
PR;LONDRINA;Prefeito;55;JOSE TIAGO CAMARGO DO AMARAL;TIAGO AMARAL;55;PSD;Partido Social Democrático;2º Turno;1;113032;113032;-23,311288;-51,159502;center-right
PR;LONDRINA;Prefeito;11;MARIA TEREZA PASCHOAL DE MORAES;PROFESSORA MARIA TEREZA;11;PP;PROGRESSISTAS;2º Turno;1;62590;62590;-23,311288;-51,159502;center-right
PR;LONDRINA;Prefeito;15;TERCILIO LUIZ TURINI;TERCILIO TURINI;15;MDB;Movimento Democrático Brasileiro;Não eleito;1;24894;24894;-23,311288;-51,159502;center
PR;LONDRINA;Prefeito;10;DIEGO ALEXSANDER GONCALO PAULA GARCIA;DIEGO GARCIA;10;REPUBLICANOS;REPUBLICANOS;Não eleito;1;22751;22751;-23,311288;-51,159502;right
PR;LONDRINA;Prefeito;12;HOMERO BARBOSA NETO;BARBOSA NETO;12;PDT;Partido Democrático Trabalhista;Não eleito;1;20616;0;-23,311288;-51,159502;center-left
AP;MACAPA;Prefeito;15;ANTONIO PAULO DE OLIVEIRA FURLAN;DR FURLAN;15;MDB;Movimento Democrático Brasileiro;Eleito;1;204291;204291;0,040153;-51,056959;center
AP;MACAPA;Prefeito;50;PAULO CESAR LEMOS DE OLIVEIRA;PAULO 50;50;PSOL;Partido Socialismo e Liberdade;Não eleito;1;23491;23491;0,040153;-51,056959;left
AP;MACAPA;Prefeito;10;ALINE PARANHOS VARONIL GURGEL;ALINE 10;10;REPUBLICANOS;REPUBLICANOS;Não eleito;1;8897;8897;0,040153;-51,056959;right
AP;MACAPA;Prefeito;45;PATRICIA LIMA FERRAZ;PATRICIA FERRAZ;45;PSDB;Partido da Social Democracia Brasileira;Não eleito;1;1835;0;0,040153;-51,056959;center
AP;MACAPA;Prefeito;70;GILVAM PINHEIRO BORGES;GILVAM BORGES;70;AVANTE;AVANTE;Não eleito;1;637;637;0,040153;-51,056959;center
AM;MANAUS;Prefeito;70;DAVID ANTONIO ABISAI PEREIRA DE ALMEIDA;DAVID ALMEIDA;70;AVANTE;AVANTE;2º Turno;1;354596;354596;-3,131633;-59,982504;center
AM;MANAUS;Prefeito;22;ALBERTO BARROS CAVALCANTE NETO;CAPITAO ALBERTO NETO;22;PL;Partido Liberal;2º Turno;1;275063;275063;-3,131633;-59,982504;right
AM;MANAUS;Prefeito;23;AMOM MANDEL LINS FILHO;AMOM MANDEL;23;CIDADANIA;Cidadania;Não eleito;1;210643;210643;-3,131633;-59,982504;center
AM;MANAUS;Prefeito;44;ROBERTO MAIA CIDADE FILHO;ROBERTO CIDADE;44;UNIO;Unio Brasil;Não eleito;1;187566;187566;-3,131633;-59,982504;center-right
AM;MANAUS;Prefeito;13;MARCELO RAMOS RODRIGUES;MARCELO RAMOS;13;PT;Partido dos Trabalhadores;Não eleito;1;66528;66528;-3,131633;-59,982504;center-left
PA;MARABA;Prefeito;22;ANTONIO CARLOS CUNHA SA;TONI CUNHA;22;PL;Partido Liberal;Eleito;1;69666;69666;-5,346282;-49,10074;right
PA;MARABA;Prefeito;15;WENDERSON AZEVEDO CHAMON;CHAMONZINHO;15;MDB;Movimento Democrático Brasileiro;Não eleito;1;46412;46412;-5,346282;-49,10074;center
PA;MARABA;Prefeito;13;DIRCEU TEN CATEN PIES;DIRCEU;13;PT;Partido dos Trabalhadores;Não eleito;1;20299;20299;-5,346282;-49,10074;center-left
PR;MARINGA;Prefeito;11;SILVIO MAGALHAES BARROS II;SILVIO BARROS;11;PP;PROGRESSISTAS;Eleito;1;131819;131819;-23,425269;-51,938208;center-right
PR;MARINGA;Prefeito;55;EDSON RIBEIRO SCABORA;EDSON SCABORA;55;PSD;Partido Social Democrático;Não eleito;1;44004;44004;-23,425269;-51,938208;center-right
PR;MARINGA;Prefeito;13;HUMBERTO JOSE HENRIQUE;HUMBERTO HENRIQUE;13;PT;Partido dos Trabalhadores;Não eleito;1;17321;17321;-23,425269;-51,938208;center-left
PR;MARINGA;Prefeito;45;EVANDRO BUQUERA DE FREITAS OLIVEIRA;EVANDRO OLIVEIRA;45;PSDB;Partido da Social Democracia Brasileira;Não eleito;1;7421;7421;-23,425269;-51,938208;center
PR;MARINGA;Prefeito;33;JOSE APARECIDO DOS SANTOS;PASTOR JOSE;33;MOBILIZA;Mobilização Nacional;Não eleito;1;480;480;-23,425269;-51,938208;center
MG;MONTES CLAROS;Prefeito;44;GUILHERME AUGUSTO GUIMARAES DE OLIVEIRA;GUILHERME GUIMARAES;44;UNIO;Unio Brasil;Eleito;1;151240;151240;-16,749573;-43,868727;center-right
MG;MONTES CLAROS;Prefeito;40;RUY ADRIANO BORGES MUNIZ;RUY MUNIZ;40;PSB;Partido Socialista Brasileiro;Não eleito;1;23353;0;-16,749573;-43,868727;center
MG;MONTES CLAROS;Prefeito;13;PAULO JOSE CARLOS GUEDES;PAULO GUEDES;13;PT;Partido dos Trabalhadores;Não eleito;1;13706;13706;-16,749573;-43,868727;center-left
MG;MONTES CLAROS;Prefeito;12;DELIO PINHEIRO NETO;DELIO PINHEIRO;12;PDT;Partido Democrático Trabalhista;Não eleito;1;11206;11206;-16,749573;-43,868727;center-left
MG;MONTES CLAROS;Prefeito;22;MAURICIO SERGIO SOUSA E SILVA;MAURICIO;22;PL;Partido Liberal;Não eleito;1;10021;10021;-16,749573;-43,868727;right
RN;NATAL;Prefeito;44;PAULO EDUARDO DA COSTA FREIRE;PAULINHO FREIRE;44;UNIO;Unio Brasil;2º Turno;1;171146;171146;-5,805398;-35,20809;center-right
RN;NATAL;Prefeito;13;NATALIA BASTOS BONAVIDES;NATALIA BONAVIDES;13;PT;Partido dos Trabalhadores;2º Turno;1;110483;110483;-5,805398;-35,20809;center-left
RN;NATAL;Prefeito;55;CARLOS EDUARDO NUNES ALVES;CARLOS EDUARDO;55;PSD;Partido Social Democrático;Não eleito;1;93013;93013;-5,805398;-35,20809;center-right
RN;NATAL;Prefeito;70;RAFAEL HUETE DA MOTTA;RAFAEL MOTTA;70;AVANTE;AVANTE;Não eleito;1;12532;12532;-5,805398;-35,20809;center
RN;NATAL;Prefeito;16;FERNANDO ANTONIO SOARES DOS SANTOS;NANDO POETA;16;PSTU;Partido Socialista dos Trabalhadores Unificado;Não eleito;1;651;651;-5,805398;-35,20809;far-left
AP;OIAPOQUE;Prefeito;11;BRENO LIMA DE ALMEIDA;BRENO;11;PP;PROGRESSISTAS;Eleito;1;8965;8965;3,843213;-51,83508;center-right
AP;OIAPOQUE;Prefeito;12;INACIO MONTEIRO MACIEL;INACIO;12;PDT;Partido Democrático Trabalhista;Não eleito;1;4460;4460;3,843213;-51,83508;center-left
AP;OIAPOQUE;Prefeito;45;MARIA ORLANDA MARQUES GARCIA;MARIA ORLANDA;45;PSDB;Partido da Social Democracia Brasileira;Não eleito;1;1930;1930;3,843213;-51,83508;center
AP;OIAPOQUE;Prefeito;40;CHARLES CORREA;DELEGADO CHARLES;40;PSB;Partido Socialista Brasileiro;Não eleito;1;1110;1110;3,843213;-51,83508;center
PE;OLINDA;Prefeito;13;VINICIUS NASCIMENTO DOS SANTOS;VINICIUS CASTELLO;13;PT;Partido dos Trabalhadores;2º Turno;1;80422;80422;-7,99864;-34,845955;center-left
PE;OLINDA;Prefeito;55;MIRELLA FERNANDA BEZERRA DE ALMEIDA;MIRELLA;55;PSD;Partido Social Democrático;2º Turno;1;62289;62289;-7,99864;-34,845955;center-right
PE;OLINDA;Prefeito;22;IZABEL URQUIZA GODOI ALMEIDA;IZABEL URQUIZA DE OLINDA;22;PL;Partido Liberal;Não eleito;1;51526;51526;-7,99864;-34,845955;right
PE;OLINDA;Prefeito;11;MARCIO ANTONY DOMINGOS BOTELHO;MARCIO BOTELHO;11;PP;PROGRESSISTAS;Não eleito;1;9989;9989;-7,99864;-34,845955;center-right
PE;OLINDA;Prefeito;28;ANTONIO RICARDO ACCIOLY CAMPOS;ANTONIO CAMPOS;28;PRTB;Partido Renovador Trabalhista Brasileiro;Não eleito;1;3124;3124;-7,99864;-34,845955;right
TO;PALMAS;Prefeito;22;JANAD MARQUES DE FREITAS VALCARI;JANAD VALCARI;22;PL;Partido Liberal;2º Turno;1;62126;62126;-10,183785;-48,333642;right
TO;PALMAS;Prefeito;20;JOSE EDUARDO DE SIQUEIRA CAMPOS;EDUARDO SIQUEIRA CAMPOS;20;PODE;Podemos;2º Turno;1;51344;51344;-10,183785;-48,333642;center-right
TO;PALMAS;Prefeito;45;JOSE LUIZ PEREIRA JUNIOR;PROFESSOR JUNIOR GEO;45;PSDB;Partido da Social Democracia Brasileira;Não eleito;1;44326;44326;-10,183785;-48,333642;center
AM;PARINTINS;Prefeito;55;MATEUS FERREIRA ASSAYAG;MATEUS ASSAYAG;55;PSD;Partido Social Democrático;Eleito;1;28235;28235;-2,634457;-56,731932;center-right
AM;PARINTINS;Prefeito;44;BRENA DIANNA MODESTO BARBOSA;BRENA DIANNA;44;UNIO;Unio Brasil;Não eleito;1;25250;25250;-2,634457;-56,731932;center-right
AM;PARINTINS;Prefeito;30;MICHELE VALADARES MOREIRA;MICHELE VALADARES;30;NOVO;Partido Novo;Não eleito;1;3112;3112;-2,634457;-56,731932;right
RN;PARNAMIRIM;Prefeito;77;RAIMUNDA NILDA DA SILVA CRUZ;PROFESSORA NILDA;77;SOLIDARIEDADE;Solidariedade;Eleito;1;47882;47882;-5,915333;-35,267991;center
RN;PARNAMIRIM;Prefeito;22;SALATIEL MACIEL DE SOUZA;SALATIEL;22;PL;Partido Liberal;Não eleito;1;45157;45157;-5,915333;-35,267991;right
RN;PARNAMIRIM;Prefeito;70;RAIMUNDO MARCIANO DE FREITAS JUNIOR;MARCIANO JUNIOR;70;AVANTE;AVANTE;Não eleito;1;4593;4593;-5,915333;-35,267991;center
PB;PATOS;Prefeito;10;NABOR WANDERLEY DA NOBREGA FILHO;NABOR;10;REPUBLICANOS;REPUBLICANOS;Eleito;1;37613;37613;-7,025829;-37,276682;right
PB;PATOS;Prefeito;45;RAMONILSON ALVES GOMES;RAMONILSON;45;PSDB;Partido da Social Democracia Brasileira;Não eleito;1;11371;11371;-7,025829;-37,276682;center
PB;PATOS;Prefeito;13;EDILEUDO DE LUCENA MEDEIROS;PROFESSOR EDILEUDO;13;PT;Partido dos Trabalhadores;Não eleito;1;1516;1516;-7,025829;-37,276682;center-left
PB;PATOS;Prefeito;80;ALINE ANA LEITE DE OLIVEIRA;ALINE LEITE;80;UP;Unidade Popular;Não eleito;1;492;492;-7,025829;-37,276682;left
RS;PELOTAS;Prefeito;13;FERNANDO STEPHAN MARRONI;MARRONI;13;PT;Partido dos Trabalhadores;2º Turno;1;68443;68443;-31,769974;-52,341016;center-left
RS;PELOTAS;Prefeito;22;MARCIANO PERONDI;MARCIANO PERONDI;22;PL;Partido Liberal;2º Turno;1;54736;54736;-31,769974;-52,341016;right
RS;PELOTAS;Prefeito;45;PAULO FERNANDO CURI ESTIMA;FERNANDO ESTIMA;45;PSDB;Partido da Social Democracia Brasileira;Não eleito;1;36122;36122;-31,769974;-52,341016;center
RS;PELOTAS;Prefeito;15;IRAJA ANDARA RODRIGUES;IRAJA RODRIGUES;15;MDB;Movimento Democrático Brasileiro;Não eleito;1;6785;6785;-31,769974;-52,341016;center
RS;PELOTAS;Prefeito;12;REGINALDO BACCI ACUNHA;REGINALDO BACCI;12;PDT;Partido Democrático Trabalhista;Não eleito;1;6514;6514;-31,769974;-52,341016;center-left
PE;PETROLINA;Prefeito;44;SIMAO AMORIM DURANDO FILHO;SIMAO DURANDO;44;UNIO;Unio Brasil;Eleito;1;107806;107806;-9,381733;-40,496887;center-right
PE;PETROLINA;Prefeito;45;JULIO EMILIO LOSSIO DE MACEDO;DR. JULIO;45;PSDB;Partido da Social Democracia Brasileira;Não eleito;1;52224;52224;-9,381733;-40,496887;center
PE;PETROLINA;Prefeito;22;LARA RIBEIRO CAVALCANTI DE ALMEIDA;LARA CAVALCANTI;22;PL;Partido Liberal;Não eleito;1;10757;10757;-9,381733;-40,496887;right
PE;PETROLINA;Prefeito;13;ODACY AMORIM DE SOUZA;ODACY AMORIM;13;PT;Partido dos Trabalhadores;Não eleito;1;10373;10373;-9,381733;-40,496887;center-left
PE;PETROLINA;Prefeito;36;MARCOS HERIDIJANIO MOURA BEZERRA;DR MARCOS;36;AGIR;Agir;Não eleito;1;606;606;-9,381733;-40,496887;center-right
PI;PICOS;Prefeito;15;PABLO DANTAS DE MOURA SANTOS;DR PABLO SANTOS;15;MDB;Movimento Democrático Brasileiro;Eleito;1;24137;24137;-7,082354;-41,468505;center
PI;PICOS;Prefeito;11;GIL MARQUES DE MEDEIROS;GIL PARAIBANO;11;PP;PROGRESSISTAS;Não eleito;1;20041;20041;-7,082354;-41,468505;center-right
PI;PICOS;Prefeito;23;LUIZ FRANCISCO ARAUJO DO REGO MELLO;CACIQUE;23;CIDADANIA;Cidadania;Não eleito;1;677;677;-7,082354;-41,468505;center
RS;PORTO ALEGRE;Prefeito;15;SEBASTIAO DE ARAUJO MELO;SEBASTIAO MELO;15;MDB;Movimento Democrático Brasileiro;2º Turno;1;345420;345420;-30,0325;-51,230377;center
RS;PORTO ALEGRE;Prefeito;13;MARIA DO ROSARIO NUNES;MARIA DO ROSARIO;13;PT;Partido dos Trabalhadores;2º Turno;1;182553;182553;-30,0325;-51,230377;center-left
RS;PORTO ALEGRE;Prefeito;12;JULIANA BRIZOLA;JULIANA BRIZOLA;12;PDT;Partido Democrático Trabalhista;Não eleito;1;136783;136783;-30,0325;-51,230377;center-left
RS;PORTO ALEGRE;Prefeito;30;FELIPE ZORTEA CAMOZZATO;FELIPE CAMOZZATO;30;NOVO;Partido Novo;Não eleito;1;26603;26603;-30,0325;-51,230377;right
RS;PORTO ALEGRE;Prefeito;80;LUCIANO SCHAFER;LUCIANO DO MLB;80;UP;Unidade Popular;Não eleito;1;1476;1476;-30,0325;-51,230377;left
TO;PORTO NACIONAL;Prefeito;44;RONIVON MACIEL GAMA;RONIVON MACIEL;44;UNIO;Unio Brasil;Eleito;1;23988;23988;-10,701979;-48,411095;center-right
TO;PORTO NACIONAL;Prefeito;10;ANTONIO POINCARE ANDRADE FILHO;TOINHO ANDRADE;10;REPUBLICANOS;REPUBLICANOS;Não eleito;1;10287;10287;-10,701979;-48,411095;right
TO;PORTO NACIONAL;Prefeito;30;NELCIR MAURO FORMEHL;NELCIR FORMEHL;30;NOVO;Partido Novo;Não eleito;1;2108;2108;-10,701979;-48,411095;right
TO;PORTO NACIONAL;Prefeito;40;ALVARO ALBERTO MARTINS SILVA;ALVARO DA A7;40;PSB;Partido Socialista Brasileiro;Não eleito;1;328;328;-10,701979;-48,411095;center
RO;PORTO VELHO;Prefeito;44;MARIANA FONSECA RIBEIRO CARVALHO DE MORAES;MARIANA CARVALHO;44;UNIO;Unio Brasil;2º Turno;1;111329;111329;-8,749453;-63,873544;center-right
RO;PORTO VELHO;Prefeito;20;LEONARDO BARRETO DE MORAES;LEO;20;PODE;Podemos;2º Turno;1;64125;64125;-8,749453;-63,873544;center-right
RO;PORTO VELHO;Prefeito;12;CELIO LOPES DE ARAUJO JUNIOR;CELIO LOPES;12;PDT;Partido Democrático Trabalhista;Não eleito;1;29358;29358;-8,749453;-63,873544;center-left
RO;PORTO VELHO;Prefeito;15;EUMA MENDONCA TOURINHO;JUIZA EUMA TOURINHO;15;MDB;Movimento Democrático Brasileiro;Não eleito;1;24481;24481;-8,749453;-63,873544;center
RO;PORTO VELHO;Prefeito;77;BENEDITO ANTONIO ALVES;DR BENEDITO ALVES;77;SOLIDARIEDADE;Solidariedade;Não eleito;1;12972;12972;-8,749453;-63,873544;center
PE;RECIFE;Prefeito;40;JOAO HENRIQUE DE ANDRADE LIMA CAMPOS;JOAO CAMPOS;40;PSB;Partido Socialista Brasileiro;Eleito;1;725721;725721;-8,058493;-34,884819;center
PE;RECIFE;Prefeito;22;GILSON MACHADO GUIMARAES NETO;GILSON MACHADO;22;PL;Partido Liberal;Não eleito;1;129138;129138;-8,058493;-34,884819;right
PE;RECIFE;Prefeito;50;DANIELLE GONDIM PORTELA;DANI PORTELA;50;PSOL;Partido Socialismo e Liberdade;Não eleito;1;35110;35110;-8,058493;-34,884819;left
PE;RECIFE;Prefeito;55;DANIEL PIRES COELHO;DANIEL COELHO;55;PSD;Partido Social Democrático;Não eleito;1;29788;29788;-8,058493;-34,884819;center-right
PE;RECIFE;Prefeito;30;EMANOEL TECIO TELES MORAES;TECIO TELES;30;NOVO;Partido Novo;Não eleito;1;7342;7342;-8,058493;-34,884819;right
AC;RIO BRANCO;Prefeito;22;SEBASTIAO BOCALOM RODRIGUES;TIAO BOCALOM;22;PL;Partido Liberal;Eleito;1;108605;108605;-9,976536;-67,822078;right
AC;RIO BRANCO;Prefeito;15;MARCUS ALEXANDRE MEDICI AGUIAR VIANA DA SILVA;MARCUS ALEXANDRE;15;MDB;Movimento Democrático Brasileiro;Não eleito;1;68884;68884;-9,976536;-67,822078;center
AC;RIO BRANCO;Prefeito;30;EMERSON OLIVEIRA JARUDE THOMAZ;JARUDE;30;NOVO;Partido Novo;Não eleito;1;14186;14186;-9,976536;-67,822078;right
AC;RIO BRANCO;Prefeito;40;JANILSON LOPES LEITE;DR JENILSON;40;PSB;Partido Socialista Brasileiro;Não eleito;1;6420;6420;-9,976536;-67,822078;center
RJ;RIO DE JANEIRO;Prefeito;55;EDUARDO DA COSTA PAES;EDUARDO PAES;55;PSD;Partido Social Democrático;Eleito;1;1861856;1861856;-22,911014;-43,209373;center-right
RJ;RIO DE JANEIRO;Prefeito;22;ALEXANDRE RAMAGEM RODRIGUES;ALEXANDRE RAMAGEM;22;PL;Partido Liberal;Não eleito;1;948631;948631;-22,911014;-43,209373;right
RJ;RIO DE JANEIRO;Prefeito;50;TARCISIO MOTTA DE CARVALHO;TARCISIO MOTTA;50;PSOL;Partido Socialismo e Liberdade;Não eleito;1;129344;129344;-22,911014;-43,209373;left
RJ;RIO DE JANEIRO;Prefeito;11;MARCELO CID HERACLITO DO PORTO QUEIROZ;MARCELO QUEIROZ;11;PP;PROGRESSISTAS;Não eleito;1;74996;74996;-22,911014;-43,209373;center-right
RJ;RIO DE JANEIRO;Prefeito;44;RODRIGO MARTINS PIRES DE AMORIM;RODRIGO AMORIM;44;UNIO;Unio Brasil;Não eleito;1;34117;0;-22,911014;-43,209373;center-right
GO;RIO VERDE;Prefeito;15;WELLINGTON SOARES CARRIJO FILHO;WELLINGTON CARRIJO;15;MDB;Movimento Democrático Brasileiro;Eleito;1;69209;69209;-17,792126;-50,919122;center
GO;RIO VERDE;Prefeito;22;LISSAUER VIEIRA;LISSAUER VIEIRA;22;PL;Partido Liberal;Não eleito;1;24805;24805;-17,792126;-50,919122;right
GO;RIO VERDE;Prefeito;10;OSVALDO FONSECA DE ALMEIDA JUNIOR;DR OSVALDO FONSECA;10;REPUBLICANOS;REPUBLICANOS;Não eleito;1;10736;10736;-17,792126;-50,919122;right
GO;RIO VERDE;Prefeito;40;KARLOS MARCIO VIEIRA CABRAL;KARLOS CABRAL;40;PSB;Partido Socialista Brasileiro;Não eleito;1;3659;3659;-17,792126;-50,919122;center
GO;RIO VERDE;Prefeito;30;DANIEL CUNHA DA CAMARA;DANIEL CUNHA DA CAMARA;30;NOVO;Partido Novo;Não eleito;1;2025;2025;-17,792126;-50,919122;right
BA;SALVADOR;Prefeito;44;BRUNO SOARES REIS;BRUNO REIS;44;UNIO;Unio Brasil;Eleito;1;1045690;1045690;-12,98225;-38,481277;center-right
BA;SALVADOR;Prefeito;50;KLEBER ROSA DE SOUZA;KLEBER ROSA;50;PSOL;Partido Socialismo e Liberdade;Não eleito;1;138610;138610;-12,98225;-38,481277;left
BA;SALVADOR;Prefeito;15;GERALDO ALVES FERREIRA JUNIOR;GERALDO JUNIOR;15;MDB;Movimento Democrático Brasileiro;Não eleito;1;137298;137298;-12,98225;-38,481277;center
BA;SALVADOR;Prefeito;80;ESLANE SILVA DA PAIXAO;ESLANE PAIXAO;80;UP;Unidade Popular;Não eleito;1;5513;5513;-12,98225;-38,481277;left
BA;SALVADOR;Prefeito;21;GIOVANI DAMICO;GIOVANI DAMICO;21;PCB;Partido Comunista Brasileiro;Não eleito;1;1364;1364;-12,98225;-38,481277;left
RS;SANTA MARIA;Prefeito;13;ANTONIO VALDECI OLIVEIRA DE OLIVEIRA;VALDECI OLIVEIRA;13;PT;Partido dos Trabalhadores;2º Turno;1;58580;58580;-29,686051;-53,806921;center-left
RS;SANTA MARIA;Prefeito;45;RODRIGO DECIMO;RODRIGO DECIMO;45;PSDB;Partido da Social Democracia Brasileira;2º Turno;1;37295;37295;-29,686051;-53,806921;center
RS;SANTA MARIA;Prefeito;22;ROBERTA PEREIRA LEITAO;ROBERTA LEITAO;22;PL;Partido Liberal;Não eleito;1;26838;26838;-29,686051;-53,806921;right
RS;SANTA MARIA;Prefeito;30;GIUSEPPE RICARDO MENEGHETTI RIESGO;RIESGO;30;NOVO;Partido Novo;Não eleito;1;15107;15107;-29,686051;-53,806921;right
RS;SANTA MARIA;Prefeito;12;PAULO AFONSO BURMANN;PROFESSOR BURMANN;12;PDT;Partido Democrático Trabalhista;Não eleito;1;5234;5234;-29,686051;-53,806921;center-left
AP;SANTANA;Prefeito;11;SEBASTIAO FERREIRA DA ROCHA;BALA ROCHA;11;PP;PROGRESSISTAS;Eleito;1;43711;43711;-0,030707;-51,178967;center-right
AP;SANTANA;Prefeito;20;JOSE ROBERTO AFONSO PANTOJA;PROFESSOR ZE ROBERTO;20;PODE;Podemos;Não eleito;1;14091;14091;-0,030707;-51,178967;center-right
AP;SANTANA;Prefeito;25;FRANCISCO ROZIVALDO RIBEIRO DE OLIVEIRA;NENEM DO FRANGO;25;PRD;Partido Renovação Democrática;Não eleito;1;6469;6469;-0,030707;-51,178967;right
SP;SANTOS;Prefeito;10;ROGERIO PEREIRA DOS SANTOS;ROGERIO SANTOS;10;REPUBLICANOS;REPUBLICANOS;2º Turno;1;101498;101498;-23,933599;-46,32864;right
SP;SANTOS;Prefeito;22;ROSANA DE OLIVEIRA VALLE;ROSANA VALLE;22;PL;Partido Liberal;2º Turno;1;99999;99999;-23,933599;-46,32864;right
SP;SANTOS;Prefeito;13;TELMA SANDRA AUGUSTO DE SOUZA;TELMA DE SOUZA;13;PT;Partido dos Trabalhadores;Não eleito;1;31423;31423;-23,933599;-46,32864;center-left
SP;SANTOS;Prefeito;70;FERNANDO PINHEIRO;NANDO PINHEIRO;70;AVANTE;AVANTE;Não eleito;1;1565;1565;-23,933599;-46,32864;center
AC;SENA MADUREIRA;Prefeito;11;GEHLEN DINIZ ANDRADE;GERLEN DINIZ;11;PP;PROGRESSISTAS;Eleito;1;13391;13391;-9,065956;-68,657106;center-right
AC;SENA MADUREIRA;Prefeito;44;GILBERTO LIRA DE ALMEIDA;GILBERTO LIRA;44;UNIO;Unio Brasil;Não eleito;1;11293;11293;-9,065956;-68,657106;center-right
ES;SERRA;Prefeito;12;WEVERSON VALCKER MEIRELES;WEVERSON MEIRELES;12;PDT;Partido Democrático Trabalhista;2º Turno;1;97087;97087;-20,125296;-40,306448;center-left
ES;SERRA;Prefeito;10;PABLO AURINO RAMOS ARAUJO;PABLO MURIBECA;10;REPUBLICANOS;REPUBLICANOS;2º Turno;1;61690;61690;-20,125296;-40,306448;right
ES;SERRA;Prefeito;11;AUDIFAX CHARLES PIMENTEL BARCELOS;AUDIFAX BARCELOS;11;PP;PROGRESSISTAS;Não eleito;1;58643;58643;-20,125296;-40,306448;center-right
ES;SERRA;Prefeito;22;IGOR ELSON BROMONSCHENKEL DE ALMEIDA;IGOR ELSON;22;PL;Partido Liberal;Não eleito;1;18751;18751;-20,125296;-40,306448;right
ES;SERRA;Prefeito;13;ROBERTO CARLOS TELES BRAGA;PROFESSOR ROBERTO CARLOS;13;PT;Partido dos Trabalhadores;Não eleito;1;7513;7513;-20,125296;-40,306448;center-left
MT;SINOP;Prefeito;22;ROBERTO DORNER;ROBERTO DORNER;22;PL;Partido Liberal;Eleito;1;50737;50737;-11,857701;-55,496782;right
MT;SINOP;Prefeito;30;MIRTES ENI LEITZKE GROTTA;MIRTES DA TRANSTERRA;30;NOVO;Partido Novo;Não eleito;1;23426;23426;-11,857701;-55,496782;right
CE;SOBRAL;Prefeito;44;OSCAR SPINDOLA RODRIGUES JUNIOR;OSCAR RODRIGUES;44;UNIO;Unio Brasil;Eleito;1;65138;65138;-3,687914;-40,345637;center-right
CE;SOBRAL;Prefeito;40;MARIA IZOLDA CELA DE ARRUDA COELHO;IZOLDA CELA;40;PSB;Partido Socialista Brasileiro;Não eleito;1;59135;59135;-3,687914;-40,345637;center
SP;SOROCABA;Prefeito;10;RODRIGO MAGANHATO;RODRIGO MANGA;10;REPUBLICANOS;REPUBLICANOS;Eleito;1;263063;263063;-23,468484;-47,442413;right
SP;SOROCABA;Prefeito;22;DANILO MASCARENHAS DE BALAS;DANILO BALAS;22;PL;Partido Liberal;Não eleito;1;48445;48445;-23,468484;-47,442413;right
SP;SOROCABA;Prefeito;13;PAULO JOAO ESTAUSIA;PAULINHO DO TRANSPORTE;13;PT;Partido dos Trabalhadores;Não eleito;1;44447;44447;-23,468484;-47,442413;center-left
SP;SOROCABA;Prefeito;29;CALEBE HENRIQUE NASCIMENTO DA SILVA;CALEBE HENRIQUE;29;PCO;Partido da Causa Operária;Não eleito;1;754;754;-23,468484;-47,442413;far-left
PB;SOUSA;Prefeito;40;HELDER MOREIRA ABRANTES DE CARVALHO;HELDER CARVALHO;40;PSB;Partido Socialista Brasileiro;Eleito;1;23397;23397;-6,766203;-38,231961;center
PB;SOUSA;Prefeito;44;GILBERTO GOMES SARMENTO;DR GILBERTAO;44;UNIO;Unio Brasil;Não eleito;1;16050;16050;-6,766203;-38,231961;center-right
SP;SAO PAULO;Prefeito;15;RICARDO LUIS REIS NUNES;RICARDO NUNES;15;MDB;Movimento Democrático Brasileiro;2º Turno;1;1801139;1801139;-23,550651;-46,633382;center
SP;SAO PAULO;Prefeito;50;GUILHERME CASTRO BOULOS;GUILHERME BOULOS;50;PSOL;Partido Socialismo e Liberdade;2º Turno;1;1776127;1776127;-23,550651;-46,633382;left
SP;SAO PAULO;Prefeito;28;PABLO HENRIQUE COSTA MARCAL;PABLO MARCAL;28;PRTB;Partido Renovador Trabalhista Brasileiro;Não eleito;1;1719274;1719274;-23,550651;-46,633382;right
SP;SAO PAULO;Prefeito;40;TABATA CLAUDIA AMARAL DE PONTES;TABATA AMARAL;40;PSB;Partido Socialista Brasileiro;Não eleito;1;605552;605552;-23,550651;-46,633382;center
SP;SAO PAULO;Prefeito;45;JOSE LUIZ DATENA;DATENA;45;PSDB;Partido da Social Democracia Brasileira;Não eleito;1;112344;112344;-23,550651;-46,633382;center
PI;TERESINA;Prefeito;44;SILVIO MENDES DE OLIVEIRA FILHO;SILVIO MENDES;44;UNIO;Unio Brasil;Eleito;1;239848;239848;-5,087461;-42,804957;center-right
PI;TERESINA;Prefeito;13;FABIO NUNEZ NOVO;FABIO NOVO;13;PT;Partido dos Trabalhadores;Não eleito;1;198794;198794;-5,087461;-42,804957;center-left
PI;TERESINA;Prefeito;25;JOSE PESSOA LEAL;DR PESSOA;25;PRD;Partido Renovação Democrática;Não eleito;1;10131;10131;-5,087461;-42,804957;right
PI;TERESINA;Prefeito;30;TONNY KERLEY DE ALENCAR RODRIGUES;PROFESSOR TONNY;30;NOVO;Partido Novo;Não eleito;1;6169;6169;-5,087461;-42,804957;right
PI;TERESINA;Prefeito;50;FRANCINALDO SILVA LEAO;FRANCINALDO LEAO;50;PSOL;Partido Socialismo e Liberdade;Não eleito;1;2350;2350;-5,087461;-42,804957;left
MG;UBERLANDIA;Prefeito;11;PAULO SERGIO FERREIRA;PAULO SERGIO;11;PP;PROGRESSISTAS;Eleito;1;184282;184282;-18,918804;-48,276784;center-right
MG;UBERLANDIA;Prefeito;13;DANDARA TONANTZIN SILVA CASTRO;DANDARA;13;PT;Partido dos Trabalhadores;Não eleito;1;86755;86755;-18,918804;-48,276784;center-left
MG;UBERLANDIA;Prefeito;45;LEONIDIO HENRIQUE CORREA BOUCAS;LEONIDIO BOUCAS;45;PSDB;Partido da Social Democracia Brasileira;Não eleito;1;80470;80470;-18,918804;-48,276784;center
MG;UBERLANDIA;Prefeito;28;DAPHINY OLIVEIRA COSTA SILVA;DAPHINY PRETA;28;PRTB;Partido Renovador Trabalhista Brasileiro;Não eleito;1;931;931;-18,918804;-48,276784;right
MG;UBERLANDIA;Prefeito;16;GILBERTO ADENIE CUNHA;GILBERTO CUNHA;16;PSTU;Partido Socialista dos Trabalhadores Unificado;Não eleito;1;858;858;-18,918804;-48,276784;far-left
AL;UNIAO DOS PALMARES;Prefeito;15;JOSE IRAN MENEZES DA SILVA JUNIOR;JUNIOR MENEZES;15;MDB;Movimento Democrático Brasileiro;Eleito;1;23163;23163;-9,157681;-36,034225;center
AL;UNIAO DOS PALMARES;Prefeito;22;BRUNNO LEONARDO VEIGA LOPES;BRUNNO LOPES;22;PL;Partido Liberal;Não eleito;1;13127;13127;-9,157681;-36,034225;right
ES;VILA VELHA;Prefeito;20;ARNALDO BORGO FILHO;ARNALDINHO BORGO;20;PODE;Podemos;Eleito;1;193451;193451;-20,329704;-40,292017;center-right
ES;VILA VELHA;Prefeito;22;ALEXANDRE OFRANTI RAMALHO;CORONEL RAMALHO;22;PL;Partido Liberal;Não eleito;1;42096;42096;-20,329704;-40,292017;right
ES;VILA VELHA;Prefeito;13;JOAO BATISTA GAGNO INTRA;JOAO BATISTA BABA;13;PT;Partido dos Trabalhadores;Não eleito;1;6342;6342;-20,329704;-40,292017;center-left
ES;VILA VELHA;Prefeito;50;NICOLAS DO ESPIRITO SANTO TRANCHO;PROFESSOR NICOLAS TRANCHO;50;PSOL;Partido Socialismo e Liberdade;Não eleito;1;1862;1862;-20,329704;-40,292017;left
ES;VILA VELHA;Prefeito;45;MAURICIO LUIZ GORZA;MAURICIO GORZA;45;PSDB;Partido da Social Democracia Brasileira;Não eleito;1;557;557;-20,329704;-40,292017;center
MT;VARZEA GRANDE;Prefeito;22;FLAVIA PETERSEN MORETTI DE ARAUJO;FLAVIA MORETTI;22;PL;Partido Liberal;Eleito;1;68760;68760;-15,645816;-56,132218;right
MT;VARZEA GRANDE;Prefeito;15;KALIL SARAT BARACAT DE ARRUDA;KALIL BARACAT;15;MDB;Movimento Democrático Brasileiro;Não eleito;1;61005;61005;-15,645816;-56,132218;center
MT;VARZEA GRANDE;Prefeito;13;LELIANE CRISTINA BORGES;PROFESSORA LELIANE BORGES;13;PT;Partido dos Trabalhadores;Não eleito;1;5646;5646;-15,645816;-56,132218;center-left
RR;ALTO ALEGRE;Vereador;10123;FABIO DA SILVA COSTA;FABIO COSTA;10;REPUBLICANOS;REPUBLICANOS;ELEITO POR QP;1;751;751;2,990093;-61,308965;right
RR;ALTO ALEGRE;Vereador;15222;VALDENIR SOARES ALVES;VALDENIR MAGRAO;15;MDB;Movimento Democrático Brasileiro;ELEITO POR QP;1;751;751;2,990093;-61,308965;center
RR;ALTO ALEGRE;Vereador;10777;SANDRIELY FERNANDES CUNHA;SANDRIELY CUNHA;10;REPUBLICANOS;REPUBLICANOS;ELEITO POR QP;1;706;706;2,990093;-61,308965;right
RR;ALTO ALEGRE;Vereador;55234;ANDRESA SILVA DA SILVEIRA;ANDRESA SILVEIRA;55;PSD;Partido Social Democrático;ELEITO POR QP;1;660;660;2,990093;-61,308965;center-right
RR;ALTO ALEGRE;Vereador;10333;AUGUSTINHO PEDROSO;AUGUSTINHO PEDROSO;10;REPUBLICANOS;REPUBLICANOS;ELEITO POR QP;1;557;557;2,990093;-61,308965;right
GO;ANAPOLIS;Vereador;15888;JOSE FERNANDES BOAVENTURA CAVALCANTE;DR. JOSE FERNANDES;15;MDB;Movimento Democrático Brasileiro;ELEITO POR QP;1;4222;4222;-16,333283;-48,952576;center
GO;ANAPOLIS;Vereador;70900;ANDREIA REZENDE DE FARIA PARALOVO;ANDREIA REZENDE;70;AVANTE;AVANTE;ELEITO POR QP;1;3571;3571;-16,333283;-48,952576;center
GO;ANAPOLIS;Vereador;13500;MARCOS ANTONIO DE CARVALHO ROSA;PROFESSOR MARCOS CARVALHO;13;PT;Partido dos Trabalhadores;ELEITO POR QP;1;3422;3422;-16,333283;-48,952576;center-left
GO;ANAPOLIS;Vereador;25190;ELIZETE JACINTO DA SILVA NASCIMENTO;CAPITA ELIZETE;25;PRD;Partido Renovação Democrática;ELEITO POR QP;1;3147;3147;-16,333283;-48,952576;right
GO;ANAPOLIS;Vereador;22100;JEAN CARLOS RIBEIRO;JEAN CARLOS;22;PL;Partido Liberal;ELEITO POR QP;1;3001;3001;-16,333283;-48,952576;right
GO;APARECIDA DE GOIANIA;Vereador;15015;GILSON RODRIGUES DA MATA;GILSAO MEU POVO;15;MDB;Movimento Democrático Brasileiro;ELEITO POR QP;1;3841;3841;-16,822677;-49,245255;center
GO;APARECIDA DE GOIANIA;Vereador;44555;RICARDO ROBERTO TEIXEIRA;TATA TEIXEIRA;44;UNIO;Unio Brasil;ELEITO POR QP;1;3830;3830;-16,822677;-49,245255;center-right
GO;APARECIDA DE GOIANIA;Vereador;44123;ISAAC AFONSO MARTINS;ISAAC MARTINS;44;UNIO;Unio Brasil;ELEITO POR QP;1;3573;3573;-16,822677;-49,245255;center-right
GO;APARECIDA DE GOIANIA;Vereador;22369;GLEISON DE OLIVEIRA FLAVIO;GLEISON FLAVIO;22;PL;Partido Liberal;ELEITO POR QP;1;3533;3533;-16,822677;-49,245255;right
GO;APARECIDA DE GOIANIA;Vereador;22789;ANDRE LUIS CARLOS DA SILVA;ANDRE FORTALEZA;22;PL;Partido Liberal;ELEITO POR QP;1;3384;3384;-16,822677;-49,245255;right
SE;ARACAJU;Vereador;55000;RICARDO VASCONCELOS SILVA;RICARDO VASCONCELOS;55;PSD;Partido Social Democrático;ELEITO POR QP;1;11120;11120;-10,916206;-37,077466;center-right
SE;ARACAJU;Vereador;18000;BRENO VIANA DE MENDONCA;BRENO GARIBALDE;18;REDE;Rede Sustentabilidade;ELEITO POR QP;1;7834;7834;-10,916206;-37,077466;center-left
SE;ARACAJU;Vereador;22777;MOANA ROLLEMBERG MARINHO VALADARES;MOANA VALADARES;22;PL;Partido Liberal;ELEITO POR QP;1;7216;7216;-10,916206;-37,077466;right
SE;ARACAJU;Vereador;55555;JOSENITO VITALE DE JESUS;NITINHO;55;PSD;Partido Social Democrático;ELEITO POR QP;1;5607;5607;-10,916206;-37,077466;center-right
SE;ARACAJU;Vereador;50500;JOSE IRAN BARBOSA FILHO;IRAN BARBOSA;50;PSOL;Partido Socialismo e Liberdade;ELEITO POR QP;1;5528;5528;-10,916206;-37,077466;left
AL;ARAPIRACA;Vereador;15111;ROGERIO PEREIRA MELO;ROGERIO NEZINHO;15;MDB;Movimento Democrático Brasileiro;ELEITO POR QP;1;6597;6597;-9,754866;-36,661471;center
AL;ARAPIRACA;Vereador;11333;SERGIO FABIO NUNES;SERGIO DO SINDICATO;11;PP;PROGRESSISTAS;ELEITO POR QP;1;5139;5139;-9,754866;-36,661471;center-right
AL;ARAPIRACA;Vereador;15678;LEANDRO BARBOSA DE ALMEIDA;LEO SATURNINO;15;MDB;Movimento Democrático Brasileiro;ELEITO POR QP;1;4410;4410;-9,754866;-36,661471;center
AL;ARAPIRACA;Vereador;11444;WALLYSSON BISPO DA SILVA;ALISSON DA TIM;11;PP;PROGRESSISTAS;ELEITO POR QP;1;4343;4343;-9,754866;-36,661471;center-right
AL;ARAPIRACA;Vereador;40555;RAMONN IZIDORO SOARES ALVES;RAMON IZIDORO;40;PSB;Partido Socialista Brasileiro;ELEITO POR QP;1;3169;3169;-9,754866;-36,661471;center
RO;ARIQUEMES;Vereador;20364;RAFAELA AMELIA OLIVEIRA LIMA;RAFAELA DO BATISTA;20;PODE;Podemos;ELEITO POR QP;1;1987;1987;-9,907652;-63,033069;center-right
RO;ARIQUEMES;Vereador;20123;JOAO PAULO MENDES PAES;JOAO MENDES;20;PODE;Podemos;ELEITO POR MDIA;1;1975;1975;-9,907652;-63,033069;center-right
RO;ARIQUEMES;Vereador;44777;FILIPE RASSEN ROZIQUE;FILIPE ROZIQUE DA FAAR;44;UNIO;Unio Brasil;ELEITO POR QP;1;1784;1784;-9,907652;-63,033069;center-right
RO;ARIQUEMES;Vereador;22222;TIAGO VIOLA;TIAGO VIOLA;22;PL;Partido Liberal;ELEITO POR QP;1;1597;1597;-9,907652;-63,033069;right
RO;ARIQUEMES;Vereador;44123;RENATO GARCIA;RENATO PADEIRO;44;UNIO;Unio Brasil;ELEITO POR MDIA;1;1430;1430;-9,907652;-63,033069;center-right
MA;BACABAL;Vereador;15555;JOAO ALBERTO DE SOUZA;JOAO ALBERTO;15;MDB;Movimento Democrático Brasileiro;ELEITO POR QP;1;2591;2591;-4,231813;-44,781167;center
MA;BACABAL;Vereador;11222;PAULO HENRIQUE DE ALBUQUERQUE FARIAS;PAULO BRANDAO;11;PP;PROGRESSISTAS;ELEITO POR QP;1;2292;2292;-4,231813;-44,781167;center-right
MA;BACABAL;Vereador;15333;FRANCISCA PATRICIA PEREIRA TELES;PATRICIA TELES;15;MDB;Movimento Democrático Brasileiro;ELEITO POR QP;1;2070;2070;-4,231813;-44,781167;center
MA;BACABAL;Vereador;15610;MANOEL SERAFIM REIS;SERAFIM;15;MDB;Movimento Democrático Brasileiro;ELEITO POR QP;1;1990;1990;-4,231813;-44,781167;center
MA;BACABAL;Vereador;11444;REGINALDO CASTRO DE ARAUJO;REGINALDO DO POSTO;11;PP;PROGRESSISTAS;ELEITO POR QP;1;1786;1786;-4,231813;-44,781167;center-right
MG;BELO HORIZONTE;Vereador;22222;PHABLO GOMES ALMEIDA;PABLO ALMEIDA;22;PL;Partido Liberal;ELEITO POR QP;1;39960;39960;-19,922732;-43,945095;right
MG;BELO HORIZONTE;Vereador;11111;MARLI APARECIDA DE ARO FERREIRA;PROFESSORA MARLI;11;PP;PROGRESSISTAS;ELEITO POR QP;1;23773;23773;-19,922732;-43,945095;center-right
MG;BELO HORIZONTE;Vereador;50099;IZABELLA LOURENCA AMORIM ROMUALDO;IZA LOURENCA;50;PSOL;Partido Socialismo e Liberdade;ELEITO POR QP;1;21485;21485;-19,922732;-43,945095;left
MG;BELO HORIZONTE;Vereador;30007;FERNANDA ELISA PEREIRA ALTOE;FERNANDA PEREIRA ALTOE;30;NOVO;Partido Novo;ELEITO POR QP;1;18682;18682;-19,922732;-43,945095;right
MG;BELO HORIZONTE;Vereador;30400;MARCELA DE LACERDA TROPIA;MARCELA TROPIA;30;NOVO;Partido Novo;ELEITO POR QP;1;17878;17878;-19,922732;-43,945095;right
SC;BLUMENAU;Vereador;23123;BRUNO HORWATITSCH CUNHA;BRUNO CUNHA;23;CIDADANIA;Cidadania;ELEITO POR QP;1;5851;5851;-26,919557;-49,065802;center
SC;BLUMENAU;Vereador;11677;ALMIR VIEIRA;ALMIR VIEIRA;11;PP;PROGRESSISTAS;ELEITO POR QP;1;5829;5829;-26,919557;-49,065802;center-right
SC;BLUMENAU;Vereador;22222;AILTON DE SOUZA;ITO;22;PL;Partido Liberal;ELEITO POR QP;1;5609;5609;-26,919557;-49,065802;right
SC;BLUMENAU;Vereador;44444;GILSON DE SOUZA;PROFESSOR GILSON;44;UNIO;Unio Brasil;ELEITO POR QP;1;5422;5422;-26,919557;-49,065802;center-right
SC;BLUMENAU;Vereador;45678;ALEXANDRE AGENOR MATIAS;ALEXANDRE MATIAS;45;PSDB;Partido da Social Democracia Brasileira;ELEITO POR MDIA;1;5037;5037;-26,919557;-49,065802;center
RR;BOA VISTA;Vereador;27123;ROBERTO CONCEICAO DOS SANTOS FRANCO;ROBERTO FRANCO;27;DC;Democracia Cristã;ELEITO POR QP;1;4043;4043;2,820848;-60,671958;right
RR;BOA VISTA;Vereador;10333;ITALO OTAVIO TEIXEIRA PINTO;ITALO OTAVIO;10;REPUBLICANOS;REPUBLICANOS;ELEITO POR QP;1;4024;4024;2,820848;-60,671958;right
RR;BOA VISTA;Vereador;10222;GENILSON COSTA E SILVA;GENILSON COSTA;10;REPUBLICANOS;REPUBLICANOS;ELEITO POR QP;1;3744;3744;2,820848;-60,671958;right
RR;BOA VISTA;Vereador;15555;JULIO CEZAR MEDEIROS LIMA;JULIO CEZAR MEDEIROS;15;MDB;Movimento Democrático Brasileiro;ELEITO POR QP;1;3695;3695;2,820848;-60,671958;center
RR;BOA VISTA;Vereador;10123;MANOEL NEVES DE MACEDO;MANOEL NEVES;10;REPUBLICANOS;REPUBLICANOS;ELEITO POR QP;1;3372;3372;2,820848;-60,671958;right
ES;CACHOEIRO DE ITAPEMIRIM;Vereador;45678;EVANDRO MIRANDA;VANDINHO DA PADARIA;45;PSDB;Partido da Social Democracia Brasileira;ELEITO POR QP;1;2449;2449;-20,848084;-41,11129;center
ES;CACHOEIRO DE ITAPEMIRIM;Vereador;22100;CREONE GOMES DA SILVA;CREONE DA FARMACIA;22;PL;Partido Liberal;ELEITO POR QP;1;2224;2224;-20,848084;-41,11129;right
ES;CACHOEIRO DE ITAPEMIRIM;Vereador;45123;LEONARDO PINHEIRO DUTRA;LEO CABECA;45;PSDB;Partido da Social Democracia Brasileira;ELEITO POR QP;1;2112;2112;-20,848084;-41,11129;center
ES;CACHOEIRO DE ITAPEMIRIM;Vereador;44000;MARCELO FAVERO DE OLIVEIRA;MARCELINHO FAVERO;44;UNIO;Unio Brasil;ELEITO POR QP;1;1790;1790;-20,848084;-41,11129;center-right
ES;CACHOEIRO DE ITAPEMIRIM;Vereador;20123;BRAS ZAGOTTO;BRAS ZAGOTTO E BOM;20;PODE;Podemos;ELEITO POR QP;1;1698;1698;-20,848084;-41,11129;center-right
RO;CACOAL;Vereador;55789;EDIMAR KAPICHE LUCIANO;EDIMAR KAPICHE;55;PSD;Partido Social Democrático;ELEITO POR QP;1;1800;1800;-11,4333;-61,44205;center-right
RO;CACOAL;Vereador;55111;MARILANDE ALVES DE SOUSA CRUZ;MARILANDE ALVES;55;PSD;Partido Social Democrático;ELEITO POR QP;1;1539;1539;-11,4333;-61,44205;center-right
RO;CACOAL;Vereador;55055;GIMENEZ FRITZ;GIMENEZ FRITZ;55;PSD;Partido Social Democrático;ELEITO POR MDIA;1;1466;1466;-11,4333;-61,44205;center-right
RO;CACOAL;Vereador;27456;ALAEZIO LEMES;ALAEZIO DO TEIXEIRAO;27;DC;Democracia Cristã;ELEITO POR QP;1;1415;1415;-11,4333;-61,44205;right
RO;CACOAL;Vereador;44222;AMALIA CAMPOS MILANI E SILVA;DRA AMALIA MILANI;44;UNIO;Unio Brasil;ELEITO POR QP;1;1146;1146;-11,4333;-61,44205;center-right
PB;CAMPINA GRANDE;Vereador;65000;JOSILENE MARIA DE OLIVEIRA;JO OLIVEIRA;65;PC DO B;Partido Comunista do Brasil;ELEITO POR QP;1;5178;5178;-7,224674;-35,877129;left
PB;CAMPINA GRANDE;Vereador;44555;CAROLINA FARIAS ALMEIDA GOMES;CAROL GOMES;44;UNIO;Unio Brasil;ELEITO POR QP;1;5009;5009;-7,224674;-35,877129;center-right
PB;CAMPINA GRANDE;Vereador;44123;IVONETE ALMEIDA DE ANDRADE LUDGERIO;IVONETE LUDGERIO;44;UNIO;Unio Brasil;ELEITO POR QP;1;4964;4964;-7,224674;-35,877129;center-right
PB;CAMPINA GRANDE;Vereador;44444;RAFAEL PEREIRA SOUSA;RAFAFA;44;UNIO;Unio Brasil;ELEITO POR QP;1;4820;4820;-7,224674;-35,877129;center-right
PB;CAMPINA GRANDE;Vereador;44777;ALEXANDRE PEREIRA DA SILVA;ALEXANDRE DO SINDICATO;44;UNIO;Unio Brasil;ELEITO POR MDIA;1;4671;4671;-7,224674;-35,877129;center-right
SP;CAMPINAS;Vereador;50100;MARIANA CONTI TAKAHASHI;MARIANA CONTI;50;PSOL;Partido Socialismo e Liberdade;ELEITO POR QP;1;14356;14356;-22,905639;-47,059564;left
SP;CAMPINAS;Vereador;23000;VINICIUS DE OLIVEIRA SANDOVAL;VINI;23;CIDADANIA;Cidadania;ELEITO POR QP;1;11423;11423;-22,905639;-47,059564;center
SP;CAMPINAS;Vereador;10200;HIGOR DIEGO RALLA;HIGOR DIEGO;10;REPUBLICANOS;REPUBLICANOS;ELEITO POR QP;1;11391;11391;-22,905639;-47,059564;right
SP;CAMPINAS;Vereador;44000;RODRIGO LUIS DE BARROS ALMEIDA;RODRIGO DA FARMADIC;44;UNIO;Unio Brasil;ELEITO POR QP;1;9006;9006;-22,905639;-47,059564;center-right
SP;CAMPINAS;Vereador;22123;LUIS HENRIQUE SILVA SCHENEIDER;NICK SCHNEIDER;22;PL;Partido Liberal;ELEITO POR QP;1;7993;7993;-22,905639;-47,059564;right
MS;CAMPO GRANDE;Vereador;12345;MARCOS MARCELLO TRAD;MARQUINHOS TRAD;12;PDT;Partido Democrático Trabalhista;ELEITO POR QP;1;8567;8567;-20,464017;-54,616295;center-left
MS;CAMPO GRANDE;Vereador;22022;RAFAEL BRANDAO SCAQUETTI TAVARES;RAFAEL TAVARES;22;PL;Partido Liberal;ELEITO POR QP;1;8128;8128;-20,464017;-54,616295;right
MS;CAMPO GRANDE;Vereador;40122;CARLOS AUGUSTO BORGES;CARLAO COMUNITARIO MESMO;40;PSB;Partido Socialista Brasileiro;ELEITO POR QP;1;6912;6912;-20,464017;-54,616295;center
MS;CAMPO GRANDE;Vereador;45800;SILVIO EDUARDO ALVES PENA;SILVIO PITU;45;PSDB;Partido da Social Democracia Brasileira;ELEITO POR QP;1;6409;6409;-20,464017;-54,616295;center
MS;CAMPO GRANDE;Vereador;44777;FRANCISCO GONCALVES DE CARVALHO;VETERINARIO FRANCISCO;44;UNIO;Unio Brasil;ELEITO POR QP;1;6371;6371;-20,464017;-54,616295;center-right
RJ;CAMPOS DOS GOYTACAZES;Vereador;11111;KASSIANO JOSE TAVARES DE SOUZA;KASSIANO TAVARES;11;PP;PROGRESSISTAS;ELEITO POR QP;1;5790;5790;-21,7546;-41,3242;center-right
RJ;CAMPOS DOS GOYTACAZES;Vereador;35333;THAMIRES DA SILVA LIMA;THAMIRES RANGEL ;35;PMB;Partido da Mulher Brasileira;ELEITO POR QP;1;5483;5483;-21,7546;-41,3242;center-right
RJ;CAMPOS DOS GOYTACAZES;Vereador;44789;MARCOS DA SILVA BACELLAR;MARQUINHO BACELLAR;44;UNIO;Unio Brasil;ELEITO POR QP;1;5345;5345;-21,7546;-41,3242;center-right
RJ;CAMPOS DOS GOYTACAZES;Vereador;11789;WAINER TEIXEIRA DE CASTRO;PROFESSOR WAINER;11;PP;PROGRESSISTAS;ELEITO POR QP;1;5148;5148;-21,7546;-41,3242;center-right
RJ;CAMPOS DOS GOYTACAZES;Vereador;11777;BRUNO FERNANDO SANTOS DE AZEVEDO;BRUNO PEZAO;11;PP;PROGRESSISTAS;ELEITO POR QP;1;4880;4880;-21,7546;-41,3242;center-right
PE;CARUARU;Vereador;11111;ANDERSON CORREIA DE OLIVEIRA;ANDERSON CORREIA;11;PP;PROGRESSISTAS;ELEITO POR QP;1;7310;7310;-8,28297;-35,972285;center-right
PE;CARUARU;Vereador;45888;RICARDO DE OLIVEIRA LIBERATO;RICARDO LIBERATO;45;PSDB;Partido da Social Democracia Brasileira;ELEITO POR QP;1;5058;5058;-8,28297;-35,972285;center
PE;CARUARU;Vereador;45678;EDEILSON JOSE DA SILVA;GALEGO DE LAJES;45;PSDB;Partido da Social Democracia Brasileira;ELEITO POR QP;1;4435;4435;-8,28297;-35,972285;center
PE;CARUARU;Vereador;45222;EDMILSON JOSE DE CARVALHO;EDMILSON DO SALGADO;45;PSDB;Partido da Social Democracia Brasileira;ELEITO POR QP;1;4309;4309;-8,28297;-35,972285;center
PE;CARUARU;Vereador;45604;BRUNO HENRIQUE SILVA DE OLIVEIRA;BRUNO LAMBRETA;45;PSDB;Partido da Social Democracia Brasileira;ELEITO POR QP;1;3802;3802;-8,28297;-35,972285;center
PA;CASTANHAL;Vereador;15000;DIEGO DE OLIVEIRA SALIBA RIBEIRO;DIEGO SALIBA;15;MDB;Movimento Democrático Brasileiro;ELEITO POR QP;1;2895;2895;-1,292703;-47,92239;center
PA;CASTANHAL;Vereador;15555;VANIA NASCIMENTO DA SILVA;VANIA NASCIMENTO;15;MDB;Movimento Democrático Brasileiro;ELEITO POR QP;1;2800;2800;-1,292703;-47,92239;center
PA;CASTANHAL;Vereador;55444;EVERTON JOYLSON ABREU DE OLIVEIRA;EVERTON MATOS;55;PSD;Partido Social Democrático;ELEITO POR QP;1;2308;2308;-1,292703;-47,92239;center-right
PA;CASTANHAL;Vereador;12123;CLAUDIA ALAINE GOMES SEABRA;CLAUDIA SEABRA;12;PDT;Partido Democrático Trabalhista;ELEITO POR QP;1;2195;2195;-1,292703;-47,92239;center-left
PA;CASTANHAL;Vereador;12190;SERGIO LEAL RODRIGUES;SERGIO LEAL;12;PDT;Partido Democrático Trabalhista;ELEITO POR MDIA;1;2170;2170;-1,292703;-47,92239;center-left
MA;CAXIAS;Vereador;11456;MARIO FERNANDO DE ASSUNCAO SOUSA;MARIO ASSUNCAO;11;PP;PROGRESSISTAS;ELEITO POR QP;1;3066;3066;-4,86542;-43,353664;center-right
MA;CAXIAS;Vereador;11222;ANTONIO JOSE XIMENES;XIMENES;11;PP;PROGRESSISTAS;ELEITO POR QP;1;2750;2750;-4,86542;-43,353664;center-right
MA;CAXIAS;Vereador;44444;JOSE WESLEY DOS SANTOS SILVA COUTINHO;WESLEY COUTINHO;44;UNIO;Unio Brasil;ELEITO POR QP;1;1912;1912;-4,86542;-43,353664;center-right
MA;CAXIAS;Vereador;12345;VINICIUS SABA E SILVA DE ALENCAR;VINICIUS SABA DE ALENCAR;12;PDT;Partido Democrático Trabalhista;ELEITO POR MDIA;1;1882;1882;-4,86542;-43,353664;center-left
MA;CAXIAS;Vereador;25000;DANIEL PEREIRA BARROS;DANIEL BARROS FISCAL DO POVO;25;PRD;Partido Renovação Democrática;ELEITO POR QP;1;1850;1850;-4,86542;-43,353664;right
RS;CAXIAS DO SUL;Vereador;22022;HIAGO STOCK MORANDI;HIAGO MORANDI;22;PL;Partido Liberal;ELEITO POR QP;1;11304;11304;-29,168505;-51,179639;right
RS;CAXIAS DO SUL;Vereador;10603;JOAO JOCEMAR UEZ PEZZI;JOAO UEZ;10;REPUBLICANOS;REPUBLICANOS;ELEITO POR QP;1;6830;6830;-29,168505;-51,179639;right
RS;CAXIAS DO SUL;Vereador;22222;DAIANE MELLO;DAIANE MELLO;22;PL;Partido Liberal;ELEITO POR QP;1;5034;5034;-29,168505;-51,179639;right
RS;CAXIAS DO SUL;Vereador;45321;MARISOL SANTOS SILVA;MARISOL SANTOS;45;PSDB;Partido da Social Democracia Brasileira;ELEITO POR QP;1;4783;4783;-29,168505;-51,179639;center
RS;CAXIAS DO SUL;Vereador;13678;LUCAS CAREGNATO;LUCAS CAREGNATO;13;PT;Partido dos Trabalhadores;ELEITO POR QP;1;4213;4213;-29,168505;-51,179639;center-left
AM;COARI;Vereador;10000;JEANY DE PAULA AMARAL PINHEIRO;JEANY PINHEIRO;10;REPUBLICANOS;REPUBLICANOS;ELEITO POR QP;1;1579;1579;-4,088596;-63,143117;right
AM;COARI;Vereador;55123;JOSE CARLOS FERREIRA PINHEIRO;ZE CARLOS;55;PSD;Partido Social Democrático;ELEITO POR QP;1;1521;1521;-4,088596;-63,143117;center-right
AM;COARI;Vereador;45000;RAIMUNDO JUNIOR LOPES DE SOUZA;JUNIOR DO GUARABIRA;45;PSDB;Partido da Social Democracia Brasileira;ELEITO POR QP;1;1495;1495;-4,088596;-63,143117;center
AM;COARI;Vereador;10123;MARIA DUCIRENE DA CRUZ MENEZES;DULCE MENEZES;10;REPUBLICANOS;REPUBLICANOS;ELEITO POR QP;1;1483;1483;-4,088596;-63,143117;right
AM;COARI;Vereador;11011;ELINHO OLIVEIRA DO NASCIMENTO;ELINHO OLIVEIRA;11;PP;PROGRESSISTAS;ELEITO POR QP;1;1387;1387;-4,088596;-63,143117;center-right
MS;CORUMBA;Vereador;15000;HANNA ELLEN FERNANDES SANTANA PINHEIRO;HANNA SANTANA;15;MDB;Movimento Democrático Brasileiro;ELEITO POR QP;1;1857;1857;-19,000603;-57,650754;center
MS;CORUMBA;Vereador;40000;LUIS FRANCISCO DE ALMEIDA VIANNA;CHICAO VIANNA;40;PSB;Partido Socialista Brasileiro;ELEITO POR QP;1;1405;1405;-19,000603;-57,650754;center
MS;CORUMBA;Vereador;12555;JOVAN TEMELJKOVITCH;JOVAN TEMELJKOVITCH;12;PDT;Partido Democrático Trabalhista;ELEITO POR QP;1;1375;1375;-19,000603;-57,650754;center-left
MS;CORUMBA;Vereador;44444;SAMYR SADEQ RAMUNIEH;SAMYR QUALHADA;44;UNIO;Unio Brasil;ELEITO POR QP;1;1145;1145;-19,000603;-57,650754;center-right
MS;CORUMBA;Vereador;45000;UBIRATAN CANHETE DE CAMPOS FILHO;BIRA;45;PSDB;Partido da Social Democracia Brasileira;ELEITO POR QP;1;1143;1143;-19,000603;-57,650754;center
AC;CRUZEIRO DO SUL;Vereador;11222;VALERIA DE OLIVEIRA LIMA;VALERIA LIMA;11;PP;PROGRESSISTAS;ELEITO POR QP;1;1994;1994;-7,636248;-72,669165;center-right
AC;CRUZEIRO DO SUL;Vereador;11123;ELTER DE QUEIROZ NOBREGA;ELTER NOBREGA;11;PP;PROGRESSISTAS;ELEITO POR QP;1;1961;1961;-7,636248;-72,669165;center-right
AC;CRUZEIRO DO SUL;Vereador;12777;CRISTIANO FREIRE RODRIGUES;CRISTIANO RODRIGUES;12;PDT;Partido Democrático Trabalhista;ELEITO POR QP;1;1637;1637;-7,636248;-72,669165;center-left
AC;CRUZEIRO DO SUL;Vereador;11011;JOAO KELEU DE SOUZA FERNANDES;KELEU;11;PP;PROGRESSISTAS;ELEITO POR QP;1;1562;1562;-7,636248;-72,669165;center-right
AC;CRUZEIRO DO SUL;Vereador;11234;JOSE ROBERTO DA SILVA VILANOVA;ZE ROBERTO;11;PP;PROGRESSISTAS;ELEITO POR MDIA;1;1430;1430;-7,636248;-72,669165;center-right
PR;CURITIBA;Vereador;10789;JASON GOULART;JASSON GOULART;10;REPUBLICANOS;REPUBLICANOS;ELEITO POR QP;1;21684;21684;-25,494438;-49,284271;right
PR;CURITIBA;Vereador;30300;GUILHERME FERREIRA KILTER LIRA;GUILHERME KILTER;30;NOVO;Partido Novo;ELEITO POR QP;1;16664;16664;-25,494438;-49,284271;right
PR;CURITIBA;Vereador;44444;GUSTAVO SILVEIRA DA COSTA;DA COSTA DO PERDEU PIA;44;UNIO;Unio Brasil;ELEITO POR QP;1;15014;15014;-25,494438;-49,284271;center-right
PR;CURITIBA;Vereador;44181;TATHIANA LAIZ GUZELLA;DELEGADA TATHIANA ;44;UNIO;Unio Brasil;ELEITO POR QP;1;12515;12515;-25,494438;-49,284271;center-right
PR;CURITIBA;Vereador;44777;JOAO VICTOR MATTOS LEAO BETTEGA;JOAO BETTEGA;44;UNIO;Unio Brasil;ELEITO POR QP;1;12346;12346;-25,494438;-49,284271;center-right
MS;DOURADOS;Vereador;10222;ISA JANE MARCONDES;ISA MARCONDES;10;REPUBLICANOS;REPUBLICANOS;ELEITO POR QP;1;2992;2992;-22,220614;-54,812208;right
MS;DOURADOS;Vereador;13333;FRANKLIN SCHMALZ DA ROSA;FRANKLIN;13;PT;Partido dos Trabalhadores;ELEITO POR QP;1;2452;2452;-22,220614;-54,812208;center-left
MS;DOURADOS;Vereador;11234;JANIO COLMAN MIGUEL;JANIO MIGUEL;11;PP;PROGRESSISTAS;ELEITO POR QP;1;2375;2375;-22,220614;-54,812208;center-right
MS;DOURADOS;Vereador;22000;DALTON SANTOS RIBEIRO;DALTON;22;PL;Partido Liberal;ELEITO POR QP;1;2265;2265;-22,220614;-54,812208;right
MS;DOURADOS;Vereador;22022;MARCELO PEREIRA MOURAO;MARCELO MOURAO;22;PL;Partido Liberal;ELEITO POR QP;1;2115;2115;-22,220614;-54,812208;right
RJ;DUQUE DE CAXIAS;Vereador;15123;SERGIO ALBERTO CORREA DA ROCHA;SERGINHO;15;MDB;Movimento Democrático Brasileiro;ELEITO POR QP;1;24734;24734;-22,789623;-43,309929;center
RJ;DUQUE DE CAXIAS;Vereador;15654;SANDRO RIBEIRO PEDROSA;SANDRO LELIS;15;MDB;Movimento Democrático Brasileiro;ELEITO POR QP;1;12094;12094;-22,789623;-43,309929;center
RJ;DUQUE DE CAXIAS;Vereador;15016;DIVAIR ALVES DE OLIVEIRA JUNIOR;JUNIOR REIS;15;MDB;Movimento Democrático Brasileiro;ELEITO POR QP;1;11180;11180;-22,789623;-43,309929;center
RJ;DUQUE DE CAXIAS;Vereador;25123;CLAUDIO DE OLIVEIRA THOMAZ;CLAUDIO THOMAZ;25;PRD;Partido Renovação Democrática;ELEITO POR QP;1;11010;11010;-22,789623;-43,309929;right
RJ;DUQUE DE CAXIAS;Vereador;15345;VALDECY NUNES DA ROSA FILHO;VALDECY NUNES;15;MDB;Movimento Democrático Brasileiro;ELEITO POR QP;1;9703;9703;-22,789623;-43,309929;center
BA;FEIRA DE SANTANA;Vereador;50050;JHONATAS LIMA MONTEIRO;JHONATAS MONTEIRO;50;PSOL;Partido Socialismo e Liberdade;Não eleito;1;10980;10980;-12,257893;-38,959805;left
BA;FEIRA DE SANTANA;Vereador;44000;EDVALDO LIMA DOS SANTOS;EDVALDO LIMA;44;UNIO;Unio Brasil;ELEITO POR QP;1;6430;6430;-12,257893;-38,959805;center-right
BA;FEIRA DE SANTANA;Vereador;44170;MARCOS ANTONIO DOS SANTOS LIMA;MARCOS LIMA;44;UNIO;Unio Brasil;ELEITO POR QP;1;5854;5854;-12,257893;-38,959805;center-right
BA;FEIRA DE SANTANA;Vereador;44555;GERUSA MARIA BASTOS SILVA SAMPAIO;GERUSA SAMPAIO;44;UNIO;Unio Brasil;ELEITO POR QP;1;5816;5816;-12,257893;-38,959805;center-right
BA;FEIRA DE SANTANA;Vereador;44125;LUIZ AUGUSTO DE JESUS;LULINHA;44;UNIO;Unio Brasil;ELEITO POR MDIA;1;5574;5574;-12,257893;-38,959805;center-right
PI;FLORIANO;Vereador;11411;FILIPE SOARES VIEIRA;FELIPE VIEIRA;11;PP;PROGRESSISTAS;ELEITO POR QP;1;1957;1957;-6,767574;-43,022261;center-right
PI;FLORIANO;Vereador;13456;JOAO  GOMES DE OLIVEIRA NETO;JOAO NETO GOMES;13;PT;Partido dos Trabalhadores;ELEITO POR QP;1;1348;1348;-6,767574;-43,022261;center-left
PI;FLORIANO;Vereador;11111;JOILSON RODRIGUES DA SILVA;JOILSON RODRIGUES;11;PP;PROGRESSISTAS;ELEITO POR QP;1;1320;1320;-6,767574;-43,022261;center-right
PI;FLORIANO;Vereador;11222;JAMES RODRIGUES DOS SANTOS;JAMES RODRIGUES;11;PP;PROGRESSISTAS;ELEITO POR QP;1;1296;1296;-6,767574;-43,022261;center-right
PI;FLORIANO;Vereador;13133;CARLOS EDUARDO MALHEIROS KALUME;CARLOS EDUARDO;13;PT;Partido dos Trabalhadores;ELEITO POR QP;1;1226;1226;-6,767574;-43,022261;center-left
CE;FORTALEZA;Vereador;22222;PRISCILA BEZERRA DA COSTA;PRISCILA COSTA;22;PL;Partido Liberal;ELEITO POR QP;1;36226;36226;-3,730451;-38,521799;right
CE;FORTALEZA;Vereador;50555;GABRIEL LIMA DE AGUIAR;GABRIEL BIOLOGIA;50;PSOL;Partido Socialismo e Liberdade;ELEITO POR QP;1;30682;30682;-3,730451;-38,521799;left
CE;FORTALEZA;Vereador;22022;ISABELLA ANTONNIA CASALE ROCHA CARNEIRO LEAO;BELLA CARMELO;22;PL;Partido Liberal;ELEITO POR QP;1;28138;28138;-3,730451;-38,521799;right
CE;FORTALEZA;Vereador;10123;RONALDO MANCHADO MARTINS;RONALDO MARTINS;10;REPUBLICANOS;REPUBLICANOS;ELEITO POR QP;1;20288;20288;-3,730451;-38,521799;right
CE;FORTALEZA;Vereador;70111;EMANUEL ACRIZIO DE FREITAS;EMANUEL ACRIZIO;70;AVANTE;AVANTE;ELEITO POR QP;1;16083;16083;-3,730451;-38,521799;center
GO;GOIANIA;Vereador;22222;VITOR HUGO DE ARAUJO ALMEIDA;MAJOR VITOR HUGO;22;PL;Partido Liberal;ELEITO POR QP;1;15678;15678;-16,680882;-49,253269;right
GO;GOIANIA;Vereador;13100;EDWARD MADUREIRA BRASIL;PROFESSOR EDWARD;13;PT;Partido dos Trabalhadores;ELEITO POR QP;1;13573;13573;-16,680882;-49,253269;center-left
GO;GOIANIA;Vereador;25153;ROMARIO BARBOSA POLICARPO;GCM ROMARIO POLICARPO;25;PRD;Partido Renovação Democrática;ELEITO POR QP;1;11496;11496;-16,680882;-49,253269;right
GO;GOIANIA;Vereador;45456;AAVA SANTIAGO AGUIAR;AAVA SANTIAGO;45;PSDB;Partido da Social Democracia Brasileira;ELEITO POR QP;1;10482;10482;-16,680882;-49,253269;center
GO;GOIANIA;Vereador;15200;NOVANDIR RODRIGUES DA SILVA;SARGENTO NOVANDIR;15;MDB;Movimento Democrático Brasileiro;ELEITO POR QP;1;9762;9762;-16,680882;-49,253269;center
TO;GURUPI;Vereador;25222;MATHEUS MONTEIRO DA SILVA;MATHEUS MONTEIRO;25;PRD;Partido Renovação Democrática;ELEITO POR QP;1;1275;1275;-11,72794;-49,068046;right
TO;GURUPI;Vereador;12000;PEDRO HENRIQUE MESSIAS DE MORAIS;PEDRO MORAIS;12;PDT;Partido Democrático Trabalhista;ELEITO POR QP;1;1174;1174;-11,72794;-49,068046;center-left
TO;GURUPI;Vereador;44333;MARIO CEZAR LUSTOSA RIBEIRO;MARIO CEZAR LUSTOSA;44;UNIO;Unio Brasil;ELEITO POR QP;1;1137;1137;-11,72794;-49,068046;center-right
TO;GURUPI;Vereador;20123;COLEMAR PEREIRA DA SILVA;COLEMAR DA SABORELLE;20;PODE;Podemos;ELEITO POR QP;1;1090;1090;-11,72794;-49,068046;center-right
TO;GURUPI;Vereador;55222;RODRIGO MENESES MACIEL;RODRIGO MACIEL;55;PSD;Partido Social Democrático;ELEITO POR QP;1;1020;1020;-11,72794;-49,068046;center-right
CE;IGUATU;Vereador;36555;ZILFRAN FERREIRA DE ARAUJO;DR ZILFRAN;36;AGIR;Agir;ELEITO POR QP;1;2356;2356;-6,361934;-39,297223;center-right
CE;IGUATU;Vereador;70456;DIEGO GOMES FELIPE;DIEGO FELIPE;70;AVANTE;AVANTE;ELEITO POR QP;1;1953;1953;-6,361934;-39,297223;center
CE;IGUATU;Vereador;40000;ANTONIO SAVIO SOBREIRA;SAVIO SOBREIRA;40;PSB;Partido Socialista Brasileiro;ELEITO POR QP;1;1906;1906;-6,361934;-39,297223;center
CE;IGUATU;Vereador;36999;JOAO TORRES DA SILVA;JOAO TORRES;36;AGIR;Agir;ELEITO POR MDIA;1;1766;1766;-6,361934;-39,297223;center-right
CE;IGUATU;Vereador;55333;MARIA SHEILA ALCANTARA PALACIO;SHEILA ALCANTARA;55;PSD;Partido Social Democrático;ELEITO POR QP;1;1660;1660;-6,361934;-39,297223;center-right
MA;IMPERATRIZ;Vereador;15777;ADHEMAR ALVES DE FREITAS JUNIOR;ADHEMAR FREITAS JR;15;MDB;Movimento Democrático Brasileiro;ELEITO POR QP;1;2718;2718;-5,526928;-47,478115;center
MA;IMPERATRIZ;Vereador;22300;ROSANGELA APARECIDA BARROS CURADO;ROSANGELA CURADO;22;PL;Partido Liberal;ELEITO POR QP;1;2384;2384;-5,526928;-47,478115;right
MA;IMPERATRIZ;Vereador;43111;FLAMARION DE OLIVEIRA AMARAL;FLAMARION AMARAL;43;PV;Partido Verde;ELEITO POR QP;1;2337;2337;-5,526928;-47,478115;center-left
MA;IMPERATRIZ;Vereador;55000;JOAO FERREIRA DA GAMA JUNIOR;JUNIOR GAMA;55;PSD;Partido Social Democrático;ELEITO POR QP;1;2325;2325;-5,526928;-47,478115;center-right
MA;IMPERATRIZ;Vereador;20123;ALCEMIR DA CONCEICAO COSTA;ALCEMIR COSTA;20;PODE;Podemos;ELEITO POR QP;1;2296;2296;-5,526928;-47,478115;center-right
SE;ITABAIANA;Vereador;44555;ALEX HENRIQUE SOUZA FERREIRA;ALEX HENRIQUE;44;UNIO;Unio Brasil;ELEITO POR QP;1;3375;3375;-10,68562;-37,427052;center-right
SE;ITABAIANA;Vereador;45678;FERNANDO CARVALHO DOS SANTOS;JOAOZINHO DO LAGAMAR;45;PSDB;Partido da Social Democracia Brasileira;ELEITO POR QP;1;3107;3107;-10,68562;-37,427052;center
SE;ITABAIANA;Vereador;45222;PEDRO OLIVEIRA;PEDRO DA AGROVILA;45;PSDB;Partido da Social Democracia Brasileira;ELEITO POR QP;1;2630;2630;-10,68562;-37,427052;center
SE;ITABAIANA;Vereador;22222;BRENO GOIS DE REZENDE;BRENO DE VARDO DA LOTERICA;22;PL;Partido Liberal;ELEITO POR QP;1;2572;2572;-10,68562;-37,427052;right
SE;ITABAIANA;Vereador;22123;WAGNER MENEZES DE ANDRADE;WAGUINHO DE LEITOA;22;PL;Partido Liberal;ELEITO POR QP;1;2207;2207;-10,68562;-37,427052;right
AM;ITACOATIARA;Vereador;44789;WEMERSON DA SILVA JACQUIMINOUTH;WEMERSON BARRIGA;44;UNIO;Unio Brasil;ELEITO POR QP;1;1725;1725;-3,14779;-58,446104;center-right
AM;ITACOATIARA;Vereador;15234;JUCINEI FREIRE DA SILVA;NEY NOBRE;15;MDB;Movimento Democrático Brasileiro;ELEITO POR QP;1;1680;1680;-3,14779;-58,446104;center
AM;ITACOATIARA;Vereador;15155;DANIEL ANVERES DE MENDONCA;DANIEL MENDONCA;15;MDB;Movimento Democrático Brasileiro;ELEITO POR MDIA;1;1668;1668;-3,14779;-58,446104;center
AM;ITACOATIARA;Vereador;10789;NILDA BATISTA CERDEIRA ABRAHIM;NILDA ABRAHIM;10;REPUBLICANOS;REPUBLICANOS;ELEITO POR QP;1;1544;1544;-3,14779;-58,446104;right
AM;ITACOATIARA;Vereador;10000;BENEDITO CABRAL REZENDE JUNIOR;JUNIOR GALVAO;10;REPUBLICANOS;REPUBLICANOS;ELEITO POR QP;1;1538;1538;-3,14779;-58,446104;right
RO;JI-PARANA;Vereador;30123;ROSANA PEREIRA LIMA;DOUTORA ROSANA VETERINARIA;30;NOVO;Partido Novo;ELEITO POR QP;1;2111;2111;-10,877815;-61,927785;right
RO;JI-PARANA;Vereador;15123;JOZIEL CARLOS DE  BRITO;JOZIEL DE BRITO;15;MDB;Movimento Democrático Brasileiro;ELEITO POR QP;1;1715;1715;-10,877815;-61,927785;center
RO;JI-PARANA;Vereador;15555;WELINTON POGGERE GOES DA FONSECA;NEGAO FILHO DO ISAU;15;MDB;Movimento Democrático Brasileiro;ELEITO POR MDIA;1;1572;1572;-10,877815;-61,927785;center
RO;JI-PARANA;Vereador;25025;ADEMILSON PROCOPIO ANASTACIO;PROCOPIO;25;PRD;Partido Renovação Democrática;ELEITO POR QP;1;1412;1412;-10,877815;-61,927785;right
RO;JI-PARANA;Vereador;55600;ADEMIR PEREIRA;SCOPONY;55;PSD;Partido Social Democrático;ELEITO POR QP;1;1400;1400;-10,877815;-61,927785;center-right
SC;JOINVILLE;Vereador;22222;WILIAN MARTINI TONEZI;WILIAN TONEZI;22;PL;Partido Liberal;ELEITO POR QP;1;9323;9323;-26,30449;-48,848673;right
SC;JOINVILLE;Vereador;55123;DIEGO MACHADO;DIEGO MACHADO;55;PSD;Partido Social Democrático;ELEITO POR QP;1;8719;8719;-26,30449;-48,848673;center-right
SC;JOINVILLE;Vereador;30456;ITALMAR JOSE PETTERS NETO;NETO PETTERS DO NOVO;30;NOVO;Partido Novo;ELEITO POR QP;1;7586;7586;-26,30449;-48,848673;right
SC;JOINVILLE;Vereador;55111;ASCENDINO BATISTA OLIVEIRA;PASTOR ASCENDINO BATISTA;55;PSD;Partido Social Democrático;ELEITO POR QP;1;6880;6880;-26,30449;-48,848673;center-right
SC;JOINVILLE;Vereador;22022;JOSIAS BRANDEL JUNIOR;BRANDEL JUNIOR;22;PL;Partido Liberal;ELEITO POR QP;1;6810;6810;-26,30449;-48,848673;right
PB;JOAO PESSOA;Vereador;11123;CARLOS GUSTAVO GOMES DE OLIVEIRA;GUGA PET ;11;PP;PROGRESSISTAS;ELEITO POR QP;1;10320;10320;-7,121598;-34,882028;center-right
PB;JOAO PESSOA;Vereador;40456;JAILMA VASCONCELOS DE CARVALHO;JAILMA CARVALHO;40;PSB;Partido Socialista Brasileiro;ELEITO POR QP;1;10127;10127;-7,121598;-34,882028;center
PB;JOAO PESSOA;Vereador;55789;VALDIR JOSE DOWSLEY;DINHO;55;PSD;Partido Social Democrático;ELEITO POR QP;1;9397;9397;-7,121598;-34,882028;center-right
PB;JOAO PESSOA;Vereador;11111;JOAO CARVALHO DA COSTA SOBRINHO;JOAO CORUJINHA;11;PP;PROGRESSISTAS;ELEITO POR QP;1;7562;7562;-7,121598;-34,882028;center-right
PB;JOAO PESSOA;Vereador;40789;EDMILSON DE ARAUJO SOARES;EDMILSON SOARES;40;PSB;Partido Socialista Brasileiro;ELEITO POR QP;1;6760;6760;-7,121598;-34,882028;center
CE;JUAZEIRO DO NORTE;Vereador;36222;FELIPE MIKAEL VASQUES MONTEIRO;FELIPE VASQUES;36;AGIR;Agir;ELEITO POR QP;1;6670;6670;-7,215345;-39,315334;center-right
CE;JUAZEIRO DO NORTE;Vereador;45555;JOSE LUCAS ALVES FERREIRA;LUKAO;45;PSDB;Partido da Social Democracia Brasileira;ELEITO POR MDIA;1;5926;5926;-7,215345;-39,315334;center
CE;JUAZEIRO DO NORTE;Vereador;55789;FRANCISCO BENJAMIM DE MOURA;CHAGAS MOURA;55;PSD;Partido Social Democrático;ELEITO POR QP;1;4692;4692;-7,215345;-39,315334;center-right
CE;JUAZEIRO DO NORTE;Vereador;55100;EWERTON VINICIUS SANTOS DUARTE;VINICIUS DUARTE;55;PSD;Partido Social Democrático;ELEITO POR QP;1;4276;4276;-7,215345;-39,315334;center-right
CE;JUAZEIRO DO NORTE;Vereador;40777;JULLIAN CARLOS BEZERRA DA SILVA;JULLIAN DE CIELIO;40;PSB;Partido Socialista Brasileiro;ELEITO POR QP;1;3263;3263;-7,215345;-39,315334;center
MG;JUIZ DE FORA;Vereador;40123;VICTOR PAULO DE OLIVEIRA;VITINHO;40;PSB;Partido Socialista Brasileiro;ELEITO POR QP;1;14879;14879;-21,760953;-43,350113;center
MG;JUIZ DE FORA;Vereador;22222;ROBERTA LOPES ALVES;ROBERTA LOPES;22;PL;Partido Liberal;ELEITO POR QP;1;7924;7924;-21,760953;-43,350113;right
MG;JUIZ DE FORA;Vereador;22456;CARLOS ALBERTO DE MELLO;SARGENTO MELLO CASAL;22;PL;Partido Liberal;ELEITO POR QP;1;7590;7590;-21,760953;-43,350113;right
MG;JUIZ DE FORA;Vereador;43000;JEFFERSON DA SILVA JANUARIO;NEGRO BUSSOLA;43;PV;Partido Verde;ELEITO POR QP;1;6451;6451;-21,760953;-43,350113;center-left
MG;JUIZ DE FORA;Vereador;13013;APARECIDA DE OLIVEIRA PINTO;CIDA;13;PT;Partido dos Trabalhadores;ELEITO POR QP;1;5884;5884;-21,760953;-43,350113;center-left
SE;LAGARTO;Vereador;20000;MATHEUS FRAGA CORREA;MATHEUS CORREA;20;PODE;Podemos;Não eleito;1;2179;2179;-10,914501;-37,67111;center-right
SE;LAGARTO;Vereador;10444;AMILTON FRAGA FONTES;AMILTON FONTES;10;REPUBLICANOS;REPUBLICANOS;ELEITO POR QP;1;2101;2101;-10,914501;-37,67111;right
SE;LAGARTO;Vereador;10777;JOSIVAN RODRIGUES SANTOS;GORDINHO DE JORGE DA LARANJA;10;REPUBLICANOS;REPUBLICANOS;ELEITO POR QP;1;1951;1951;-10,914501;-37,67111;right
SE;LAGARTO;Vereador;23999;JOSE ANDERSON DA SILVA;ANDERSON SILVA;23;CIDADANIA;Cidadania;ELEITO POR QP;1;1712;1712;-10,914501;-37,67111;center
SE;LAGARTO;Vereador;55222;MARCELO DO NASCIMENTO SANTOS;MARCELO DE DENILSON;55;PSD;Partido Social Democrático;ELEITO POR QP;1;1688;1688;-10,914501;-37,67111;center-right
AP;LARANJAL DO JARI;Vereador;44123;MARLON BARBOSA MOURA;MARLON MOURA;44;UNIO;Unio Brasil;ELEITO POR QP;1;825;825;-0,841999;-52,516;center-right
AP;LARANJAL DO JARI;Vereador;22000;WALCIMAR RIBEIRO FONSECA;WALCIMAR FONSECA;22;PL;Partido Liberal;ELEITO POR QP;1;754;754;-0,841999;-52,516;right
AP;LARANJAL DO JARI;Vereador;15699;EDIVAM DE ALMEIDA SOBRINHO;EDIVAM DO MOCA;15;MDB;Movimento Democrático Brasileiro;ELEITO POR QP;1;749;749;-0,841999;-52,516;center
AP;LARANJAL DO JARI;Vereador;15369;JOAO TADEU DA SILVA;IRMAO TADEU;15;MDB;Movimento Democrático Brasileiro;ELEITO POR QP;1;735;735;-0,841999;-52,516;center
AP;LARANJAL DO JARI;Vereador;12222;ELIEZIO PEREIRA MORAES;EZIO MORAES;12;PDT;Partido Democrático Trabalhista;ELEITO POR QP;1;732;732;-0,841999;-52,516;center-left
PR;LONDRINA;Vereador;10300;DEIVID WISLEY ANGELOS;DEIVID WISLEY;10;REPUBLICANOS;REPUBLICANOS;ELEITO POR QP;1;16212;16212;-23,311288;-51,159502;right
PR;LONDRINA;Vereador;11038;JESSICA RAMOS MORENO;JESSICAO;11;PP;PROGRESSISTAS;ELEITO POR QP;1;15057;15057;-23,311288;-51,159502;center-right
PR;LONDRINA;Vereador;22456;MICHELE SIREIA THOMAZINHO;MICHELE THOMAZINHO;22;PL;Partido Liberal;ELEITO POR QP;1;6984;6984;-23,311288;-51,159502;right
PR;LONDRINA;Vereador;11123;FLAVIA ADRIANE SANT ANA CABRAL;PROFESSORA FLAVIA CABRAL;11;PP;PROGRESSISTAS;ELEITO POR QP;1;5751;5751;-23,311288;-51,159502;center-right
PR;LONDRINA;Vereador;10123;THIAGO HENRIQUE DE SOUZA;CHAVAO;10;REPUBLICANOS;REPUBLICANOS;ELEITO POR QP;1;5655;5655;-23,311288;-51,159502;right
AP;MACAPA;Vereador;20123;ALEXANDRE RAMOS DA COSTA;ALEXANDRE AZEVEDO;20;PODE;Podemos;ELEITO POR QP;1;4857;4857;0,040153;-51,056959;center-right
AP;MACAPA;Vereador;50123;DANIEL THEODORO PETRAGLIA;DANIEL THEODORO;50;PSOL;Partido Socialismo e Liberdade;ELEITO POR QP;1;4542;4542;0,040153;-51,056959;left
AP;MACAPA;Vereador;25123;MARCELO DE MATOS DIAS;MARCELO DIAS;25;PRD;Partido Renovação Democrática;ELEITO POR QP;1;4534;4534;0,040153;-51,056959;right
AP;MACAPA;Vereador;55000;PAULO CELSO DE LIMA NERY;PAULO NERY;55;PSD;Partido Social Democrático;ELEITO POR QP;1;4533;4533;0,040153;-51,056959;center-right
AP;MACAPA;Vereador;12300;ROSILEIA DOS SANTOS DE OLIVEIRA PELAES;PASTORA LEIA PELAES;12;PDT;Partido Democrático Trabalhista;ELEITO POR QP;1;4419;4419;0,040153;-51,056959;center-left
AM;MANAUS;Vereador;22007;ALEXANDRE DA SILVA SALAZAR;SARGENTO SALAZAR;22;PL;Partido Liberal;ELEITO POR QP;1;22594;22594;-3,131633;-59,982504;right
AM;MANAUS;Vereador;13610;JOSE RICARDO WENDLING;ZE RICARDO;13;PT;Partido dos Trabalhadores;ELEITO POR QP;1;17395;17395;-3,131633;-59,982504;center-left
AM;MANAUS;Vereador;25000;THAYSA LIPPY DE SOUZA FLORENCIO;THAYSA LIPPY;25;PRD;Partido Renovação Democrática;ELEITO POR QP;1;16116;16116;-3,131633;-59,982504;right
AM;MANAUS;Vereador;44500;MARCO ANTONIO ANDRADE CASTILHOS FILHO;MARCO CASTILHOS;44;UNIO;Unio Brasil;ELEITO POR QP;1;14621;14621;-3,131633;-59,982504;center-right
AM;MANAUS;Vereador;15000;JOAO KENNEDY DE LIMA MARQUES;KENNEDY MARQUES PROTETOR;15;MDB;Movimento Democrático Brasileiro;ELEITO POR QP;1;14548;14548;-3,131633;-59,982504;center
PA;MARABA;Vereador;22222;FERNANDO HENRIQUE PEREIRA DA SILVA;FERNANDO HENRRIQUE;22;PL;Partido Liberal;ELEITO POR QP;1;3957;3957;-5,346282;-49,10074;right
PA;MARABA;Vereador;44123;AERTON LIMA DA CRUZ;AERTON GRANDE;44;UNIO;Unio Brasil;ELEITO POR QP;1;3073;3073;-5,346282;-49,10074;center-right
PA;MARABA;Vereador;15555;ILKER MORAES FERREIRA;ILKER MORAES;15;MDB;Movimento Democrático Brasileiro;ELEITO POR QP;1;3051;3051;-5,346282;-49,10074;center
PA;MARABA;Vereador;12233;RONALDO ALVES ARAUJO;RONALDO DA TRINTA E TRES;12;PDT;Partido Democrático Trabalhista;ELEITO POR QP;1;2937;2937;-5,346282;-49,10074;center-left
PA;MARABA;Vereador;12111;MAIANA CLARA RODRIGUES STRINGARI;MAIANA STRINGARI;12;PDT;Partido Democrático Trabalhista;ELEITO POR QP;1;2853;2853;-5,346282;-49,10074;center-left
PR;MARINGA;Vereador;30123;CRISTIANNE COSTA LAUER;CRIS LAUER;30;NOVO;Partido Novo;ELEITO POR QP;1;7531;7531;-23,425269;-51,938208;right
PR;MARINGA;Vereador;22222;LUIZ CLAUDIO DA SILVA ALVES;DELEGADO LUIZ ALVES;22;PL;Partido Liberal;ELEITO POR QP;1;5488;5488;-23,425269;-51,938208;right
PR;MARINGA;Vereador;55001;JANDERSON FLAVIO MANTOVANI;FLAVIO MANTOVANI;55;PSD;Partido Social Democrático;ELEITO POR QP;1;5063;5063;-23,425269;-51,938208;center-right
PR;MARINGA;Vereador;13300;MARIO SERGIO VERRI;MARIO VERRI;13;PT;Partido dos Trabalhadores;ELEITO POR QP;1;3766;3766;-23,425269;-51,938208;center-left
PR;MARINGA;Vereador;44190;PAULO HENRIQUE BIAZON SANTOS;BIAZON;44;UNIO;Unio Brasil;ELEITO POR QP;1;3407;3407;-23,425269;-51,938208;center-right
MG;MONTES CLAROS;Vereador;44244;RODRIGO MAIA DE OLIVEIRA;RODRIGO CADEIRANTE;44;UNIO;Unio Brasil;ELEITO POR QP;1;6320;6320;-16,749573;-43,868727;center-right
MG;MONTES CLAROS;Vereador;44456;MARIA DAS GRACAS GONCALVES DIAS;GRACA DA CASA DO MOTOR;44;UNIO;Unio Brasil;ELEITO POR QP;1;4065;4065;-16,749573;-43,868727;center-right
MG;MONTES CLAROS;Vereador;25555;CECILIA MEIRELES FERREIRA;CECI PROTETORA;25;PRD;Partido Renovação Democrática;ELEITO POR QP;1;3872;3872;-16,749573;-43,868727;right
MG;MONTES CLAROS;Vereador;25617;IGOR GUSTAVO DIAS;IGOR DIAS ;25;PRD;Partido Renovação Democrática;ELEITO POR MDIA;1;3767;3767;-16,749573;-43,868727;right
MG;MONTES CLAROS;Vereador;11789;MARTINS LIMA FILHO;JUNIOR MARTINS;11;PP;PROGRESSISTAS;ELEITO POR QP;1;3743;3743;-16,749573;-43,868727;center-right
RN;NATAL;Vereador;44555;ROBSON RICARDO MACHADO LIMA DE CARVALHO;ROBSON CARVALHO;44;UNIO;Unio Brasil;ELEITO POR QP;1;9785;9785;-5,805398;-35,20809;center-right
RN;NATAL;Vereador;11111;ERIKO SAMUEL XAVIER DE OLIVEIRA;ERIKO JACOME;11;PP;PROGRESSISTAS;ELEITO POR QP;1;8819;8819;-5,805398;-35,20809;center-right
RN;NATAL;Vereador;13123;DANIEL ARAUJO VALENCA;DANIEL VALENCA;13;PT;Partido dos Trabalhadores;ELEITO POR QP;1;8249;8249;-5,805398;-35,20809;center-left
RN;NATAL;Vereador;10000;IRAPOA NOBREGA AZEVEDO DE OLIVEIRA;IRAPOA;10;REPUBLICANOS;REPUBLICANOS;ELEITO POR QP;1;7760;7760;-5,805398;-35,20809;right
RN;NATAL;Vereador;10999;DANIELL VICTOR RENDALL MELQUIADES DE LIMA;DANIELL RENDALL;10;REPUBLICANOS;REPUBLICANOS;ELEITO POR QP;1;7417;7417;-5,805398;-35,20809;right
SE;NOSSA SENHORA DO SOCORRO;Vereador;12345;ELIEL FELIPE DE OLIVEIRA;ELIEL FELIPE;12;PDT;Partido Democrático Trabalhista;ELEITO POR QP;1;2832;2832;-10,855311;-37,126486;center-left
SE;NOSSA SENHORA DO SOCORRO;Vereador;23456;ALYSSON DE ALMEIDA SANTOS;LALO;23;CIDADANIA;Cidadania;ELEITO POR QP;1;2721;2721;-10,855311;-37,126486;center
SE;NOSSA SENHORA DO SOCORRO;Vereador;12333;ADRIANO CESAR SANTANA SANTOS;ADRIANO DA PIABETA;12;PDT;Partido Democrático Trabalhista;ELEITO POR QP;1;2691;2691;-10,855311;-37,126486;center-left
SE;NOSSA SENHORA DO SOCORRO;Vereador;44444;CLEOSMAR BARBOSA ANDRADE;LEOZINHO FILHO;44;UNIO;Unio Brasil;ELEITO POR QP;1;2219;2219;-10,855311;-37,126486;center-right
SE;NOSSA SENHORA DO SOCORRO;Vereador;55555;ROBERTO WAGNER SANTOS DE CRUZ;BETINHO;55;PSD;Partido Social Democrático;ELEITO POR QP;1;2090;2090;-10,855311;-37,126486;center-right
AP;OIAPOQUE;Vereador;22000;UESLEI NEI DA SILVEIRA TELES;UESLEI TELES;22;PL;Partido Liberal;ELEITO POR QP;1;620;620;3,843213;-51,83508;right
AP;OIAPOQUE;Vereador;11123;VALDEMIR NERI SANTOS;SALES DO ACOUGUE;11;PP;PROGRESSISTAS;ELEITO POR QP;1;542;542;3,843213;-51,83508;center-right
AP;OIAPOQUE;Vereador;77555;TIAGO BRUNO GADELHA DE SOUSA;BRUNO DO AREAL;77;SOLIDARIEDADE;Solidariedade;ELEITO POR QP;1;542;542;3,843213;-51,83508;center
AP;OIAPOQUE;Vereador;22013;RAMOS DOS SANTOS;RAMON;22;PL;Partido Liberal;ELEITO POR MDIA;1;525;525;3,843213;-51,83508;right
AP;OIAPOQUE;Vereador;11522;AILTON BATISTA;PROFESSOR AILTON PALIKUR;11;PP;PROGRESSISTAS;ELEITO POR QP;1;486;486;3,843213;-51,83508;center-right
PE;OLINDA;Vereador;15555;SAULO HOLANDA RABELO DE OLIVEIRA;SAULO HOLANDA;15;MDB;Movimento Democrático Brasileiro;ELEITO POR QP;1;7331;7331;-7,99864;-34,845955;center
PE;OLINDA;Vereador;13013;MARIA EUGENIA WANDERLEY LIMA;EUGENIA LIMA;13;PT;Partido dos Trabalhadores;ELEITO POR QP;1;7110;7110;-7,99864;-34,845955;center-left
PE;OLINDA;Vereador;55630;IZAEL DJALMA DO NASCIMENTO;MIZAEL PRESTANISTA;55;PSD;Partido Social Democrático;ELEITO POR QP;1;5898;5898;-7,99864;-34,845955;center-right
PE;OLINDA;Vereador;55555;FELIPE EVERSON DO NASCIMENTO SILVA;FELIPE NASCIMENTO;55;PSD;Partido Social Democrático;ELEITO POR QP;1;5783;5783;-7,99864;-34,845955;center-right
PE;OLINDA;Vereador;55111;MARCELO GONCALVES DE MELO;PROFESSOR MARCELO;55;PSD;Partido Social Democrático;ELEITO POR QP;1;5105;5105;-7,99864;-34,845955;center-right
TO;PALMAS;Vereador;45123;MARCIO DA COSTA REIS;MARCIO REIS;45;PSDB;Partido da Social Democracia Brasileira;ELEITO POR QP;1;2912;2912;-10,183785;-48,333642;center
TO;PALMAS;Vereador;45100;JOSE DO LAGO FOLHA FILHO;FOLHA;45;PSDB;Partido da Social Democracia Brasileira;ELEITO POR QP;1;2645;2645;-10,183785;-48,333642;center
TO;PALMAS;Vereador;10800;KARINA RODRIGUES COELHO DE SA;KARINA CAFE;10;REPUBLICANOS;REPUBLICANOS;ELEITO POR QP;1;2643;2643;-10,183785;-48,333642;right
TO;PALMAS;Vereador;10100;MARILON BARBOSA CASTRO;MARILON BARBOSA;10;REPUBLICANOS;REPUBLICANOS;ELEITO POR QP;1;2640;2640;-10,183785;-48,333642;right
TO;PALMAS;Vereador;40123;CARLOS ENRIQUE FRANCO AMASTHA;CARLOS AMASTHA;40;PSB;Partido Socialista Brasileiro;ELEITO POR MDIA;1;2247;2247;-10,183785;-48,333642;center
AM;PARINTINS;Vereador;22456;PAULO CESAR RODRIGUES LINHARES;CABO LINHARES;22;PL;Partido Liberal;ELEITO POR QP;1;1848;1848;-2,634457;-56,731932;right
AM;PARINTINS;Vereador;15555;AZAMOR PAULO CARDOSO PESSOA;AZAMOR PESSOA;15;MDB;Movimento Democrático Brasileiro;ELEITO POR QP;1;1822;1822;-2,634457;-56,731932;center
AM;PARINTINS;Vereador;11222;JOSE TUPINAMBA RIBEIRO PONTE;BABA TUPINAMBA;11;PP;PROGRESSISTAS;ELEITO POR QP;1;1668;1668;-2,634457;-56,731932;center-right
AM;PARINTINS;Vereador;10123;FERNANDO NOGUEIRA MENEZES;FERNANDO MENEZES;10;REPUBLICANOS;REPUBLICANOS;ELEITO POR QP;1;1511;1511;-2,634457;-56,731932;right
AM;PARINTINS;Vereador;20123;JOSENALDO BATISTA LIMA;NALDO LIMA;20;PODE;Podemos;ELEITO POR QP;1;1460;1460;-2,634457;-56,731932;center-right
RN;PARNAMIRIM;Vereador;11000;MICHAEL BORGES DE SOUZA BERNARDINO;MICHAEL BORGES;11;PP;PROGRESSISTAS;ELEITO POR QP;1;2365;2365;-5,915333;-35,267991;center-right
RN;PARNAMIRIM;Vereador;77123;RAPHAELA DA SILVA CRUZ;RAFAELA DE NILDA;77;SOLIDARIEDADE;Solidariedade;ELEITO POR QP;1;2305;2305;-5,915333;-35,267991;center
RN;PARNAMIRIM;Vereador;45100;WOLNEY FREITAS DE AZEVEDO FRANCA;WOLNEY FRANCA;45;PSDB;Partido da Social Democracia Brasileira;ELEITO POR QP;1;2204;2204;-5,915333;-35,267991;center
RN;PARNAMIRIM;Vereador;22222;GABRIEL CESAR DE OLIVEIRA SIQUEIRA;GABRIEL CESAR;22;PL;Partido Liberal;ELEITO POR QP;1;2202;2202;-5,915333;-35,267991;right
RN;PARNAMIRIM;Vereador;20456;LEONARDO LIMA DA COSTA;LEO LIMA;20;PODE;Podemos;ELEITO POR QP;1;2162;2162;-5,915333;-35,267991;center-right
PB;PATOS;Vereador;40000;BRENNA VICTORIA LEONARDO FERREIRA NOBREGA;BRENNA NOBREGA;40;PSB;Partido Socialista Brasileiro;ELEITO POR QP;1;2729;2729;-7,025829;-37,276682;center
PB;PATOS;Vereador;10000;VALTIDE PAULINO SANTOS;TIDE EDUARDO;10;REPUBLICANOS;REPUBLICANOS;ELEITO POR QP;1;2360;2360;-7,025829;-37,276682;right
PB;PATOS;Vereador;10999;JONATAS KAIKY DE OLIVEIRA SANTANA;JONATAS KAIKY;10;REPUBLICANOS;REPUBLICANOS;ELEITO POR QP;1;2238;2238;-7,025829;-37,276682;right
PB;PATOS;Vereador;18456;EMANUEL RODRIGUES DE ARAUJO;EMANO ARAUJO;18;REDE;Rede Sustentabilidade;ELEITO POR QP;1;2189;2189;-7,025829;-37,276682;center-left
PB;PATOS;Vereador;10221;JOSE ITALO GOMES CANDIDO;ITALO GOMES;10;REPUBLICANOS;REPUBLICANOS;ELEITO POR QP;1;1944;1944;-7,025829;-37,276682;right
RS;PELOTAS;Vereador;50999;FERNANDA PINTO MIRANDA;FERNANDA MIRANDA;50;PSOL;Partido Socialismo e Liberdade;ELEITO POR QP;1;5885;5885;-31,769974;-52,341016;left
RS;PELOTAS;Vereador;22222;MARCELO DANTAS RITTA;MARCELO BAGE;22;PL;Partido Liberal;ELEITO POR QP;1;5540;5540;-31,769974;-52,341016;right
RS;PELOTAS;Vereador;40123;CESAR BRIZOLARA;CESINHA;40;PSB;Partido Socialista Brasileiro;ELEITO POR QP;1;4421;4421;-31,769974;-52,341016;center
RS;PELOTAS;Vereador;11111;MICHEL FERREIRA ESCALANTE;MICHEL PROMOVE;11;PP;PROGRESSISTAS;ELEITO POR QP;1;3935;3935;-31,769974;-52,341016;center-right
RS;PELOTAS;Vereador;55040;EDER RICARDO BLANK;EDER BLANK PATACA;55;PSD;Partido Social Democrático;ELEITO POR QP;1;3597;3597;-31,769974;-52,341016;center-right
PE;PETROLINA;Vereador;44333;MANOEL ANTONIO COELHO NETO;MANOEL DA ACOSAP;44;UNIO;Unio Brasil;ELEITO POR QP;1;5380;5380;-9,381733;-40,496887;center-right
PE;PETROLINA;Vereador;12123;CARLOS WANDERLEY ALVES DE CARVALHO FILHO;WANDERLEY ALVES;12;PDT;Partido Democrático Trabalhista;ELEITO POR QP;1;4634;4634;-9,381733;-40,496887;center-left
PE;PETROLINA;Vereador;44444;GILBERTO DE SA MELO;GILBERTO MELO;44;UNIO;Unio Brasil;ELEITO POR QP;1;4539;4539;-9,381733;-40,496887;center-right
PE;PETROLINA;Vereador;12789;ZENILDO NUNES DA SILVA;ZENILDO DO ALTO DO COCAR;12;PDT;Partido Democrático Trabalhista;ELEITO POR QP;1;4246;4246;-9,381733;-40,496887;center-left
PE;PETROLINA;Vereador;12000;AEROLANDE AMOS DA CRUZ;AERO SIM;12;PDT;Partido Democrático Trabalhista;ELEITO POR QP;1;4122;4122;-9,381733;-40,496887;center-left
PI;PICOS;Vereador;13000;FRANCISCO WELLINGTON GONCALVES DANTAS;WELLINGTON DANTAS;13;PT;Partido dos Trabalhadores;ELEITO POR QP;1;2254;2254;-7,082354;-41,468505;center-left
PI;PICOS;Vereador;15111;JOSE RINALDO CABRAL PEREIRA FILHO;RINALDINHO;15;MDB;Movimento Democrático Brasileiro;ELEITO POR QP;1;2192;2192;-7,082354;-41,468505;center
PI;PICOS;Vereador;15661;EDILSON ALVES DE CARVALHO;EDILSON CARVALHO;15;MDB;Movimento Democrático Brasileiro;ELEITO POR QP;1;2100;2100;-7,082354;-41,468505;center
PI;PICOS;Vereador;15555;JOSE LUIS DE CARVALHO;IRMAO ZE LUIS;15;MDB;Movimento Democrático Brasileiro;ELEITO POR QP;1;1985;1985;-7,082354;-41,468505;center
PI;PICOS;Vereador;11111;PEDRO FEITOSA PIO;PEDRO PIO;11;PP;PROGRESSISTAS;ELEITO POR QP;1;1658;1658;-7,082354;-41,468505;center-right
RS;PORTO ALEGRE;Vereador;22000;JESSE SANGALLI DE MELLO;JESSE SANGALLI;22;PL;Partido Liberal;ELEITO POR QP;1;22966;22966;-30,0325;-51,230377;right
RS;PORTO ALEGRE;Vereador;50555;KAREN MORAIS DOS SANTOS;KAREN SANTOS;50;PSOL;Partido Socialismo e Liberdade;ELEITO POR QP;1;20207;20207;-30,0325;-51,230377;left
RS;PORTO ALEGRE;Vereador;22190;NADIA RODRIGUES SILVEIRA GERHARD;COMANDANTE NADIA;22;PL;Partido Liberal;ELEITO POR QP;1;18010;18010;-30,0325;-51,230377;right
RS;PORTO ALEGRE;Vereador;30000;RAMIRO STALLBAUM ROSARIO;RAMIRO ROSARIO;30;NOVO;Partido Novo;ELEITO POR QP;1;16450;16450;-30,0325;-51,230377;right
RS;PORTO ALEGRE;Vereador;50123;GRAZIELA OLIVEIRA NETO DA ROSA;GRAZI OLIVEIRA;50;PSOL;Partido Socialismo e Liberdade;ELEITO POR QP;1;14321;14321;-30,0325;-51,230377;left
TO;PORTO NACIONAL;Vereador;44444;DUERITA PEREIRA DE CARVALHO NETA;DUERITA NETA;44;UNIO;Unio Brasil;ELEITO POR QP;1;1281;1281;-10,701979;-48,411095;center-right
TO;PORTO NACIONAL;Vereador;44111;EMIVALDO PIRES DE SOUZA;MIUDO;44;UNIO;Unio Brasil;ELEITO POR QP;1;1061;1061;-10,701979;-48,411095;center-right
TO;PORTO NACIONAL;Vereador;44666;GEYLSON NERES GOMES;GEYLSON;44;UNIO;Unio Brasil;ELEITO POR QP;1;866;866;-10,701979;-48,411095;center-right
TO;PORTO NACIONAL;Vereador;44123;JOAO JUSTINO DA SILVA;JOAO JUSTINO;44;UNIO;Unio Brasil;ELEITO POR MDIA;1;806;806;-10,701979;-48,411095;center-right
TO;PORTO NACIONAL;Vereador;11111;HEITOR CESAR DE OLIVEIRA ANDRADE;HEITOR ANDRADE;11;PP;PROGRESSISTAS;ELEITO POR QP;1;783;783;-10,701979;-48,411095;center-right
RO;PORTO VELHO;Vereador;10200;MARCIO PACELE VIEIRA DA SILVA;MARCIO PACELE;10;REPUBLICANOS;REPUBLICANOS;ELEITO POR QP;1;4692;4692;-8,749453;-63,873544;right
RO;PORTO VELHO;Vereador;44333;ELLIS REGINA BATISTA LEAL OLIVEIRA;ELLIS REGINA DO SINDEPROF;44;UNIO;Unio Brasil;ELEITO POR QP;1;4034;4034;-8,749453;-63,873544;center-right
RO;PORTO VELHO;Vereador;10111;MILITINO FEDER JUNIOR;DR JUNIOR QUEIROZ;10;REPUBLICANOS;REPUBLICANOS;ELEITO POR QP;1;3954;3954;-8,749453;-63,873544;right
RO;PORTO VELHO;Vereador;22333;GILBER ROCHA MERCES;DR GILBER;22;PL;Partido Liberal;ELEITO POR QP;1;3667;3667;-8,749453;-63,873544;right
RO;PORTO VELHO;Vereador;10222;FERNANDO CELESTINO DA SILVA;FERNANDO SILVA;10;REPUBLICANOS;REPUBLICANOS;ELEITO POR MDIA;1;3634;3634;-8,749453;-63,873544;right
PE;RECIFE;Vereador;40555;ROMERO JATOBA CAVALCANTI NETO;ROMERINHO JATOBA;40;PSB;Partido Socialista Brasileiro;ELEITO POR QP;1;20264;20264;-8,058493;-34,884819;center
PE;RECIFE;Vereador;22222;GILSON MACHADO GUIMARAES;GILSON MACHADO FILHO;22;PL;Partido Liberal;ELEITO POR QP;1;16095;16095;-8,058493;-34,884819;right
PE;RECIFE;Vereador;40888;ADERALDO DE OLIVEIRA FLORENCIO;ADERALDO PINTO;40;PSB;Partido Socialista Brasileiro;ELEITO POR QP;1;15793;15793;-8,058493;-34,884819;center
PE;RECIFE;Vereador;40000;ANDREZA BANDEIRA FERREIRA DE OLIVEIRA MELO ALBUQUERQUE;ANDREZA ROMERO;40;PSB;Partido Socialista Brasileiro;ELEITO POR QP;1;15785;15785;-8,058493;-34,884819;center
PE;RECIFE;Vereador;40123;NATALIA RAYANE COUTO BARBOSA SANTANA;NATALIA DE MENUDO;40;PSB;Partido Socialista Brasileiro;ELEITO POR QP;1;15198;15198;-8,058493;-34,884819;center
AC;RIO BRANCO;Vereador;11000;BRUNO MORAES CARDOSO;BRUNO MORAES;11;PP;PROGRESSISTAS;ELEITO POR QP;1;5898;5898;-9,976536;-67,822078;center-right
AC;RIO BRANCO;Vereador;11106;SAMIR FIGUEIREDO BESTENE;SAMIR BESTENE;11;PP;PROGRESSISTAS;ELEITO POR QP;1;5704;5704;-9,976536;-67,822078;center-right
AC;RIO BRANCO;Vereador;11222;JOSE AUGUSTO SOARES AIACHE;AIACHE;11;PP;PROGRESSISTAS;ELEITO POR QP;1;5497;5497;-9,976536;-67,822078;center-right
AC;RIO BRANCO;Vereador;11123;FELIPE SANDRI SCHAFER;FELIPE TCHE;11;PP;PROGRESSISTAS;ELEITO POR QP;1;4979;4979;-9,976536;-67,822078;center-right
AC;RIO BRANCO;Vereador;11122;ELZA TEIXEIRA DE MENDONCA;ELZINHA MENDONCA;11;PP;PROGRESSISTAS;ELEITO POR MDIA;1;4755;4755;-9,976536;-67,822078;center-right
RJ;RIO DE JANEIRO;Vereador;22222;CARLOS NANTES BOLSONARO;CARLOS BOLSONARO;22;PL;Partido Liberal;ELEITO POR QP;1;130480;130480;-22,911014;-43,209373;right
RJ;RIO DE JANEIRO;Vereador;55005;MARCIO CESAR GOMES RIBEIRO JUNIOR;MARCIO RIBEIRO;55;PSD;Partido Social Democrático;ELEITO POR QP;1;56770;56770;-22,911014;-43,209373;center-right
RJ;RIO DE JANEIRO;Vereador;13777;TAINA REIS DE PAULA KAPAZ;TAINA DE PAULA;13;PT;Partido dos Trabalhadores;ELEITO POR QP;1;49986;49986;-22,911014;-43,209373;center-left
RJ;RIO DE JANEIRO;Vereador;55622;CARLO FERREIRA DE CAIADO CASTRO;CARLO CAIADO;55;PSD;Partido Social Democrático;ELEITO POR QP;1;47671;47671;-22,911014;-43,209373;center-right
RJ;RIO DE JANEIRO;Vereador;55123;RAFAEL ALOISIO FREITAS;RAFAEL ALOISIO FREITAS;55;PSD;Partido Social Democrático;ELEITO POR QP;1;40892;40892;-22,911014;-43,209373;center-right
GO;RIO VERDE;Vereador;27456;EDER GEAN SILVA;MAGRAO DA RADIO;27;DC;Democracia Cristã;ELEITO POR QP;1;2922;2922;-17,792126;-50,919122;right
GO;RIO VERDE;Vereador;25623;IDELSON MENDES;IDELSON MENDES;25;PRD;Partido Renovação Democrática;ELEITO POR QP;1;2616;2616;-17,792126;-50,919122;right
GO;RIO VERDE;Vereador;15500;GUSTAVO LEAO REI DE FRANCA;GUSTAVO AMIGO DO POVO ;15;MDB;Movimento Democrático Brasileiro;ELEITO POR QP;1;2442;2442;-17,792126;-50,919122;center
GO;RIO VERDE;Vereador;12222;TULIO BARCELOS GONCALVES;TULIO BARCELOS;12;PDT;Partido Democrático Trabalhista;ELEITO POR QP;1;2238;2238;-17,792126;-50,919122;center-left
GO;RIO VERDE;Vereador;15800;ARMANDO FONSECA FILHO;ARMANDO FILHO;15;MDB;Movimento Democrático Brasileiro;ELEITO POR QP;1;2238;2238;-17,792126;-50,919122;center
BA;SALVADOR;Vereador;11111;JORGE SILVA DE ARAUJO;JORGE ARAUJO REPORTER;11;PP;PROGRESSISTAS;ELEITO POR QP;1;36065;36065;-12,98225;-38,481277;center-right
BA;SALVADOR;Vereador;45800;CARLOS DA SILVA MUNIZ;CARLOS MUNIZ;45;PSDB;Partido da Social Democracia Brasileira;ELEITO POR QP;1;24040;24040;-12,98225;-38,481277;center
BA;SALVADOR;Vereador;10123;LUIZ CARLOS DE SOUZA;LUIZ CARLOS;10;REPUBLICANOS;REPUBLICANOS;ELEITO POR QP;1;19358;19358;-12,98225;-38,481277;right
BA;SALVADOR;Vereador;12123;OMAR ANTONIO GORDILHO DE BRITTO;OMARZINHO;12;PDT;Partido Democrático Trabalhista;ELEITO POR QP;1;18304;18304;-12,98225;-38,481277;center-left
BA;SALVADOR;Vereador;11300;MAURICIO GONCALVES TRINDADE;MAURICIO TRINDADE;11;PP;PROGRESSISTAS;ELEITO POR QP;1;17665;17665;-12,98225;-38,481277;center-right
RS;SANTA MARIA;Vereador;50777;ALICE CARVALHO DA SILVA DOS SANTOS;ALICE CARVALHO;50;PSOL;Partido Socialismo e Liberdade;ELEITO POR MDIA;1;4129;4129;-29,686051;-53,806921;left
RS;SANTA MARIA;Vereador;13713;VALDIR OLIVEIRA DE OLIVEIRA;VALDIR OLIVEIRA;13;PT;Partido dos Trabalhadores;ELEITO POR QP;1;4036;4036;-29,686051;-53,806921;center-left
RS;SANTA MARIA;Vereador;15020;RUDINEI RODRIGUES;RUDYS CONFIRMADISSIMO;15;MDB;Movimento Democrático Brasileiro;ELEITO POR QP;1;3796;3796;-29,686051;-53,806921;center
RS;SANTA MARIA;Vereador;11123;SERGIO ROBERTO CECHIN;SERGIO CECHIN;11;PP;PROGRESSISTAS;ELEITO POR QP;1;3220;3220;-29,686051;-53,806921;center-right
RS;SANTA MARIA;Vereador;10300;ALEXANDRE PINZON VARGAS;ALEXANDRE VARGAS;10;REPUBLICANOS;REPUBLICANOS;ELEITO POR QP;1;3089;3089;-29,686051;-53,806921;right
AP;SANTANA;Vereador;13123;ANTONIA DO SOCORRO NOGUEIRA DE SOUZA;SOCORRO NOGUEIRA;13;PT;Partido dos Trabalhadores;ELEITO POR QP;1;2945;2945;-0,030707;-51,178967;center-left
AP;SANTANA;Vereador;77300;ITHIARA GUEDES DAS VIRGENS MADUREIRA;ITHIARA MADUREIRA;77;SOLIDARIEDADE;Solidariedade;ELEITO POR QP;1;2817;2817;-0,030707;-51,178967;center
AP;SANTANA;Vereador;77000;RARISON RICHAR SANTIAGO PINTO;RARISON SANTIAGO;77;SOLIDARIEDADE;Solidariedade;ELEITO POR QP;1;2653;2653;-0,030707;-51,178967;center
AP;SANTANA;Vereador;12580;JOSIVALDO SANTOS ABRANTES;JOSIVALDO RATO;12;PDT;Partido Democrático Trabalhista;ELEITO POR QP;1;2201;2201;-0,030707;-51,178967;center-left
AP;SANTANA;Vereador;77123;HELENA PEREIRA DE LIMA;HELENA LIMA;77;SOLIDARIEDADE;Solidariedade;ELEITO POR MDIA;1;1927;1927;-0,030707;-51,178967;center
SP;SANTOS;Vereador;50500;DEBORA ALVES CAMILO;DEBORA CAMILO;50;PSOL;Partido Socialismo e Liberdade;ELEITO POR QP;1;8016;8016;-23,933599;-46,32864;left
SP;SANTOS;Vereador;20000;FABRICIO CARDOSO DE OLIVEIRA;FABRICIO CARDOSO;20;PODE;Podemos;ELEITO POR QP;1;6106;6106;-23,933599;-46,32864;center-right
SP;SANTOS;Vereador;13192;MARCOS MONTANI CASEIRO;DR. CASEIRO;13;PT;Partido dos Trabalhadores;ELEITO POR QP;1;4989;4989;-23,933599;-46,32864;center-left
SP;SANTOS;Vereador;10001;PAULO HENRIQUE MIYASIRO DE ABREU;PAULO MIYASIRO;10;REPUBLICANOS;REPUBLICANOS;ELEITO POR QP;1;4864;4864;-23,933599;-46,32864;right
SP;SANTOS;Vereador;22190;SERGIO CALDAS SANTANA;SERGIO SANTANA;22;PL;Partido Liberal;ELEITO POR QP;1;4562;4562;-23,933599;-46,32864;right
AC;SENA MADUREIRA;Vereador;55888;MENANDRO COSTA DA SILVA;MENANDRO;55;PSD;Partido Social Democrático;ELEITO POR QP;1;1160;1160;-9,065956;-68,657106;center-right
AC;SENA MADUREIRA;Vereador;11333;FRANCISCO MOREIRA DA SILVA;PANTICO;11;PP;PROGRESSISTAS;ELEITO POR QP;1;1024;1024;-9,065956;-68,657106;center-right
AC;SENA MADUREIRA;Vereador;22777;IVONEIDE BERNARDINO DE FARIAS FERREIRA;IVONEIDE BERNARDINO;22;PL;Partido Liberal;ELEITO POR QP;1;1021;1021;-9,065956;-68,657106;right
AC;SENA MADUREIRA;Vereador;22333;KUEILITON DE SOUZA BARBOSA;TOM CABELEIREIRO;22;PL;Partido Liberal;ELEITO POR QP;1;975;975;-9,065956;-68,657106;right
AC;SENA MADUREIRA;Vereador;22888;ANTONIO RAIMUNDO MELONIA DE ANDRADE;REAL;22;PL;Partido Liberal;ELEITO POR MDIA;1;972;972;-9,065956;-68,657106;right
ES;SERRA;Vereador;12789;SAULO MARIANO RODRIGUES NEVES JUNIOR;SAULINHO DA ACADEMIA ;12;PDT;Partido Democrático Trabalhista;ELEITO POR QP;1;8241;8241;-20,125296;-40,306448;center-left
ES;SERRA;Vereador;12000;VALTEILTON DE FREITAS VALIM;TEILTON VALIM;12;PDT;Partido Democrático Trabalhista;ELEITO POR QP;1;7357;7357;-20,125296;-40,306448;center-left
ES;SERRA;Vereador;22222;EVANDRO DE SOUZA FERREIRA BRAGA;PASTOR DINHO SOUZA;22;PL;Partido Liberal;ELEITO POR QP;1;5616;5616;-20,125296;-40,306448;right
ES;SERRA;Vereador;12300;PAULO SERGIO FERREIRA DE SOUZA;PAULINHO DO CHURRASQUINHO;12;PDT;Partido Democrático Trabalhista;ELEITO POR QP;1;4781;4781;-20,125296;-40,306448;center-left
ES;SERRA;Vereador;45123;RAFAEL SALVADOR GRACINDO DA SILVA;RAFAEL ESTRELA DO MAR;45;PSDB;Partido da Social Democracia Brasileira;ELEITO POR QP;1;4409;4409;-20,125296;-40,306448;center
MT;SINOP;Vereador;22777;MOISES SERGIO TAVARES;MOISES DO JARDIM DO OURO;22;PL;Partido Liberal;ELEITO POR QP;1;2647;2647;-11,857701;-55,496782;right
MT;SINOP;Vereador;45045;ENIO PASUCH;ENIO DA BRIGIDA;45;PSDB;Partido da Social Democracia Brasileira;ELEITO POR QP;1;2121;2121;-11,857701;-55,496782;center
MT;SINOP;Vereador;13613;GRACIELE MARQUES DOS SANTOS;PROFA GRACIELE;13;PT;Partido dos Trabalhadores;Não eleito;1;1882;1882;-11,857701;-55,496782;center-left
MT;SINOP;Vereador;10800;SANDRA DA CONCEICAO DONATO FERREIRA;SANDRA DONATO;10;REPUBLICANOS;REPUBLICANOS;ELEITO POR QP;1;1808;1808;-11,857701;-55,496782;right
MT;SINOP;Vereador;10222;REMIDIO KUNTZ;REMIDIO KUNTZ;10;REPUBLICANOS;REPUBLICANOS;ELEITO POR QP;1;1801;1801;-11,857701;-55,496782;right
CE;SOBRAL;Vereador;40456;CARLOS EVANILSON OLIVEIRA VASCONCELOS;CARLOS DO CALISTO;40;PSB;Partido Socialista Brasileiro;ELEITO POR QP;1;4176;4176;-3,687914;-40,345637;center
CE;SOBRAL;Vereador;40444;MARLON MARCELO RODRIGUES SOBREIRA;MARLON SOBREIRA;40;PSB;Partido Socialista Brasileiro;ELEITO POR QP;1;4143;4143;-3,687914;-40,345637;center
CE;SOBRAL;Vereador;44222;FRANCISCO LINHARES PONTE JUNIOR;CHICO JOIA JUNIOR;44;UNIO;Unio Brasil;ELEITO POR QP;1;3783;3783;-3,687914;-40,345637;center-right
CE;SOBRAL;Vereador;40888;MARIA SOCORRO BRASILEIRO MAGALHAES;SOCORRINHA BRASILEIRO;40;PSB;Partido Socialista Brasileiro;ELEITO POR QP;1;3758;3758;-3,687914;-40,345637;center
CE;SOBRAL;Vereador;40630;KARINE RIBEIRO DA SILVA;KARINE RIBEIRO;40;PSB;Partido Socialista Brasileiro;ELEITO POR QP;1;3577;3577;-3,687914;-40,345637;center
SP;SOROCABA;Vereador;10111;CAIO DE OLIVEIRA EGEA SILVEIRA;CAIO OLIVEIRA;10;REPUBLICANOS;REPUBLICANOS;ELEITO POR QP;1;12090;12090;-23,468484;-47,442413;right
SP;SOROCABA;Vereador;44190;ITALO GABRIEL MOREIRA;ITALO MOREIRA;44;UNIO;Unio Brasil;ELEITO POR QP;1;10292;10292;-23,468484;-47,442413;center-right
SP;SOROCABA;Vereador;50000;RAUL MARCELO DE SOUZA;RAUL MARCELO;50;PSOL;Partido Socialismo e Liberdade;ELEITO POR QP;1;8377;8377;-23,468484;-47,442413;left
SP;SOROCABA;Vereador;44010;JOAO DONIZETI SILVESTRE;JOAO DONIZETI;44;UNIO;Unio Brasil;ELEITO POR QP;1;7941;7941;-23,468484;-47,442413;center-right
SP;SOROCABA;Vereador;20000;FAUSTO SALVADOR PERES;FAUSTO PERES;20;PODE;Podemos;ELEITO POR QP;1;7103;7103;-23,468484;-47,442413;center-right
PB;SOUSA;Vereador;40123;RADAMES GENESIS MARQUES ESTRELA;RADAMES ESTRELA;40;PSB;Partido Socialista Brasileiro;ELEITO POR QP;1;2736;2736;-6,766203;-38,231961;center
PB;SOUSA;Vereador;40111;AMANDA OLIVEIRA DA SILVEIRA MARQUES DANTAS;AMANDA SILVEIRA;40;PSB;Partido Socialista Brasileiro;ELEITO POR QP;1;2664;2664;-6,766203;-38,231961;center
PB;SOUSA;Vereador;40999;BRUNA PIRES DE SA VERAS PINTO;BRUNA VERAS;40;PSB;Partido Socialista Brasileiro;ELEITO POR QP;1;1631;1631;-6,766203;-38,231961;center
PB;SOUSA;Vereador;55222;DIOGENES FERREIRA DA SILVA;DIOGENES FERREIRA;55;PSD;Partido Social Democrático;ELEITO POR QP;1;1417;1417;-6,766203;-38,231961;center-right
PB;SOUSA;Vereador;12222;CARLOS HENRIQUE ABRANTES MARQUES;NOVINHO DE CARLAO;12;PDT;Partido Democrático Trabalhista;ELEITO POR QP;1;1413;1413;-6,766203;-38,231961;center-left
SP;SAO PAULO;Vereador;22022;LUCAS PAVANATO DE OLIVEIRA;LUCAS PAVANATO;22;PL;Partido Liberal;ELEITO POR QP;1;161386;161386;-23,550651;-46,633382;right
SP;SAO PAULO;Vereador;20000;ANA CAROLINA CUNHA DE OLIVEIRA FRANCOMANO;ANA CAROLINA OLIVEIRA;20;PODE;Podemos;ELEITO POR QP;1;129563;129563;-23,550651;-46,633382;center-right
SP;SAO PAULO;Vereador;11111;MURILLO DE OLIVEIRA LIMA;DR. MURILLO LIMA;11;PP;PROGRESSISTAS;ELEITO POR QP;1;113820;113820;-23,550651;-46,633382;center-right
SP;SAO PAULO;Vereador;11190;ISRAEL NANTES SANTOS;SARGENTO NANTES;11;PP;PROGRESSISTAS;ELEITO POR QP;1;112484;112484;-23,550651;-46,633382;center-right
SP;SAO PAULO;Vereador;50700;AMANDA MARQUES PASCHOAL;AMANDA PASCHOAL;50;PSOL;Partido Socialismo e Liberdade;ELEITO POR QP;1;108654;108654;-23,550651;-46,633382;left
PI;TERESINA;Vereador;55000;EDUARDO DA SILVA OLIVEIRA;EDUARDO DRAGA ALANA;55;PSD;Partido Social Democrático;ELEITO POR QP;1;9233;9233;-5,087461;-42,804957;center-right
PI;TERESINA;Vereador;25123;BRUNO GALISA VILARINHO SOARES;BRUNO VILARINHO;25;PRD;Partido Renovação Democrática;ELEITO POR QP;1;7992;7992;-5,087461;-42,804957;right
PI;TERESINA;Vereador;12123;ENZO SAMUEL ALENCAR SILVA;ENZO SAMUEL;12;PDT;Partido Democrático Trabalhista;ELEITO POR QP;1;7944;7944;-5,087461;-42,804957;center-left
PI;TERESINA;Vereador;15110;DANIEL ARAUJO DE CARVALHO;DANIEL CARVALHO;15;MDB;Movimento Democrático Brasileiro;ELEITO POR QP;1;7894;7894;-5,087461;-42,804957;center
PI;TERESINA;Vereador;25111;JOAO VICTOR ALVES DA SILVA;JUCA ALVES;25;PRD;Partido Renovação Democrática;ELEITO POR QP;1;7600;7600;-5,087461;-42,804957;right
MG;UBERLANDIA;Vereador;43123;FABIO DIAS QUEIROZ ZAVITOSKI;FABAO;43;PV;Partido Verde;ELEITO POR QP;1;14596;14596;-18,918804;-48,276784;center-left
MG;UBERLANDIA;Vereador;11690;ANTONIO CARLOS CARRIJO;CARRIJO;11;PP;PROGRESSISTAS;ELEITO POR QP;1;6998;6998;-18,918804;-48,276784;center-right
MG;UBERLANDIA;Vereador;20200;NEEMIAS MIQUEIAS SILVA SOARES;NEEMIAS MIQUEIAS;20;PODE;Podemos;ELEITO POR QP;1;5997;5997;-18,918804;-48,276784;center-right
MG;UBERLANDIA;Vereador;11000;EDNALDO REGIO DE LIMA;SGT EDNALDO;11;PP;PROGRESSISTAS;ELEITO POR QP;1;5856;5856;-18,918804;-48,276784;center-right
MG;UBERLANDIA;Vereador;20123;ANDERSON LIMA DA SILVA;ANDERSON LIMA;20;PODE;Podemos;ELEITO POR MDIA;1;5543;5543;-18,918804;-48,276784;center-right
AL;UNIAO DOS PALMARES;Vereador;15222;EDMILTON RODRIGUES DA SILVA;MILTON DO COMPLEMENTAR;15;MDB;Movimento Democrático Brasileiro;ELEITO POR QP;1;1892;1892;-9,157681;-36,034225;center
AL;UNIAO DOS PALMARES;Vereador;15999;GIVANILDO GOMES DA SILVA;NENZINHA;15;MDB;Movimento Democrático Brasileiro;ELEITO POR QP;1;1597;1597;-9,157681;-36,034225;center
AL;UNIAO DOS PALMARES;Vereador;12300;ALMIR BELARMINO DA SILVA;ALMIR BELO;12;PDT;Partido Democrático Trabalhista;ELEITO POR QP;1;1562;1562;-9,157681;-36,034225;center-left
AL;UNIAO DOS PALMARES;Vereador;15111;EMANUEL GOMES BALBINO;DE MOTOTAXI;15;MDB;Movimento Democrático Brasileiro;ELEITO POR QP;1;1554;1554;-9,157681;-36,034225;center
AL;UNIAO DOS PALMARES;Vereador;12222;GUSTAVO THADEU PAULINO PEDROZA;GUSTAVO PEDROZA;12;PDT;Partido Democrático Trabalhista;ELEITO POR QP;1;1503;1503;-9,157681;-36,034225;center-left
ES;VILA VELHA;Vereador;11100;HERCULES SILVEIRA;DOUTOR HERCULES;11;PP;PROGRESSISTAS;ELEITO POR QP;1;7275;7275;-20,329704;-40,292017;center-right
ES;VILA VELHA;Vereador;22222;DEVACIR RABELLO DA SILVA;DEVACIR RABELLO;22;PL;Partido Liberal;ELEITO POR QP;1;5481;5481;-20,329704;-40,292017;right
ES;VILA VELHA;Vereador;20777;ROGERIO CARDOSO SILVEIRA;ROGERIO CARDOSO;20;PODE;Podemos;ELEITO POR QP;1;5310;5310;-20,329704;-40,292017;center-right
ES;VILA VELHA;Vereador;20444;ANADELSO PEREIRA;ANADELSO PEREIRA;20;PODE;Podemos;ELEITO POR QP;1;4914;4914;-20,329704;-40,292017;center-right
ES;VILA VELHA;Vereador;20000;LEO VICTOR DAMASCENA SALLES;LEO PINDOBA;20;PODE;Podemos;ELEITO POR QP;1;4775;4775;-20,329704;-40,292017;center-right
MT;VARZEA GRANDE;Vereador;44040;CHARLES FABIANO ARAUJO QUADRO;CHARLES DA EDUCACAO;44;UNIO;Unio Brasil;ELEITO POR QP;1;4859;4859;-15,645816;-56,132218;center-right
MT;VARZEA GRANDE;Vereador;22022;CAIO CEZAR CORDEIRO DE ALMEIDA;CAIO CORDEIRO;22;PL;Partido Liberal;ELEITO POR QP;1;3768;3768;-15,645816;-56,132218;right
MT;VARZEA GRANDE;Vereador;40650;GISELE APARECIDA DE BARROS;GISA BARROS;40;PSB;Partido Socialista Brasileiro;ELEITO POR QP;1;3613;3613;-15,645816;-56,132218;center
MT;VARZEA GRANDE;Vereador;44777;ROSEMARY SOUZA PRADO;ROSY PRADO;44;UNIO;Unio Brasil;ELEITO POR QP;1;3168;3168;-15,645816;-56,132218;center-right
MT;VARZEA GRANDE;Vereador;15150;JERONIMO DE CARVALHO NETO;JERO NETO;15;MDB;Movimento Democrático Brasileiro;ELEITO POR QP;1;2850;2850;-15,645816;-56,132218;center
AM;MANAUS;Prefeito;22;ALBERTO BARROS CAVALCANTE NETO;CAPITAO ALBERTO NETO;22;PL;Partido Liberal;Não eleito;2;479297;479297;-3,131633;-59,982504;right
AM;MANAUS;Prefeito;70;DAVID ANTONIO ABISAI PEREIRA DE ALMEIDA;DAVID ALMEIDA;70;AVANTE;AVANTE;Eleito;2;576171;576171;-3,131633;-59,982504;center
CE;FORTALEZA;Prefeito;13;EVANDRO SA BARRETO LEITAO;EVANDRO LEITAO;13;PT;Partido dos Trabalhadores;Eleito;2;716133;716133;-3,730451;-38,521799;center-left
CE;FORTALEZA;Prefeito;22;ANDRE FERNANDES DE MOURA;ANDRE FERNANDES;22;PL;Partido Liberal;Não eleito;2;705295;705295;-3,730451;-38,521799;right
ES;SERRA;Prefeito;10;PABLO AURINO RAMOS ARAUJO;PABLO MURIBECA;10;REPUBLICANOS;REPUBLICANOS;Não eleito;2;90227;90227;-20,125296;-40,306448;right
ES;SERRA;Prefeito;12;WEVERSON VALCKER MEIRELES;WEVERSON MEIRELES;12;PDT;Partido Democrático Trabalhista;Eleito;2;138071;138071;-20,125296;-40,306448;center-left
GO;ANAPOLIS;Prefeito;13;ANTONIO ROBERTO OTONI GOMIDE;ANTONIO GOMIDE;13;PT;Partido dos Trabalhadores;Não eleito;2;75182;75182;-16,333283;-48,952576;center-left
GO;ANAPOLIS;Prefeito;22;MARCIO AURELIO CORREA;MARCIO CORREA;22;PL;Partido Liberal;Eleito;2;106263;106263;-16,333283;-48,952576;right
GO;APARECIDA DE GOIANIA;Prefeito;15;LEANDRO VILELA VELLOSO;LEANDRO VILELA;15;MDB;Movimento Democrático Brasileiro;Eleito;2;132230;132230;-16,822677;-49,245255;center
GO;APARECIDA DE GOIANIA;Prefeito;22;ALCIDES RIBEIRO FILHO;PROFESSOR ALCIDES;22;PL;Partido Liberal;Não eleito;2;75676;75676;-16,822677;-49,245255;right
GO;GOIANIA;Prefeito;22;FREDERICO GUSTAVO RODRIGUES DA CUNHA;FRED RODRIGUES;22;PL;Partido Liberal;Não eleito;2;283054;283054;-16,680882;-49,253269;right
GO;GOIANIA;Prefeito;44;SANDRO DA MABEL ANTONIO SCODRO;MABEL;44;UNIO;Unio Brasil;Eleito;2;353518;353518;-16,680882;-49,253269;center-right
MA;IMPERATRIZ;Prefeito;10;TACILLA MARIANA CARVALHO SILVA;MARIANA CARVALHO;10;REPUBLICANOS;REPUBLICANOS;Não eleito;2;66752;66752;-5,526928;-47,478115;right
MA;IMPERATRIZ;Prefeito;11;RILDO DE OLIVEIRA AMARAL;RILDO AMARAL;11;PP;PROGRESSISTAS;Eleito;2;81942;81942;-5,526928;-47,478115;center-right
MG;BELO HORIZONTE;Prefeito;22;BRUNO DE CASTRO ENGLER FLORENCIO DE ALMEIDA;BRUNO ENGLER;22;PL;Partido Liberal;Não eleito;2;577537;577537;-19,922732;-43,945095;right
MG;BELO HORIZONTE;Prefeito;55;FUAD JORGE NOMAN FILHO;FUAD NOMAN;55;PSD;Partido Social Democrático;Eleito;2;670574;670574;-19,922732;-43,945095;center-right
MS;CAMPO GRANDE;Prefeito;11;ADRIANE BARBOSA NOGUEIRA LOPES;ADRIANE LOPES;11;PP;PROGRESSISTAS;Eleito;2;222699;222699;-20,464017;-54,616295;center-right
MS;CAMPO GRANDE;Prefeito;44;ROSIANE MODESTO DE OLIVEIRA;ROSE MODESTO;44;UNIO;Unio Brasil;Não eleito;2;210112;210112;-20,464017;-54,616295;center-right
MT;CUIABA;Prefeito;13;LUDIO FRANK MENDES CABRAL;LUDIO;13;PT;Partido dos Trabalhadores;Não eleito;2;147127;147127;-15,598669;-56,09913;center-left
MT;CUIABA;Prefeito;22;ABILIO JACQUES BRUNINI MOUMER;ABILIO;22;PL;Partido Liberal;Eleito;2;171324;171324;-15,598669;-56,09913;right
PB;CAMPINA GRANDE;Prefeito;40;JHONY WESLLYS BEZERRA COSTA;DR JHONY;40;PSB;Partido Socialista Brasileiro;Não eleito;2;98852;98852;-7,224674;-35,877129;center
PB;CAMPINA GRANDE;Prefeito;44;BRUNO CUNHA LIMA BRANCO;BRUNO CUNHA LIMA;44;UNIO;Unio Brasil;Eleito;2;136191;136191;-7,224674;-35,877129;center-right
PB;JOAO PESSOA;Prefeito;11;CICERO DE LUCENA FILHO;CICERO LUCENA;11;PP;PROGRESSISTAS;Eleito;2;258727;258727;-7,121598;-34,882028;center-right
PB;JOAO PESSOA;Prefeito;22;MARCELO ANTONIO CARTAXO QUEIROGA LOPES;MARCELO QUEIROGA;22;PL;Partido Liberal;Não eleito;2;146129;146129;-7,121598;-34,882028;right
PE;OLINDA;Prefeito;13;VINICIUS NASCIMENTO DOS SANTOS;VINICIUS CASTELLO;13;PT;Partido dos Trabalhadores;Não eleito;2;105616;105616;-7,99864;-34,845955;center-left
PE;OLINDA;Prefeito;55;MIRELLA FERNANDA BEZERRA DE ALMEIDA;MIRELLA;55;PSD;Partido Social Democrático;Eleito;2;111613;111613;-7,99864;-34,845955;center-right
PR;CURITIBA;Prefeito;35;CRISTINA REIS GRAEML;CRISTINA GRAEML;35;PMB;Partido da Mulher Brasileira;Não eleito;2;390254;390254;-25,494438;-49,284271;center-right
PR;CURITIBA;Prefeito;55;EDUARDO PIMENTEL SLAVIERO;EDUARDO PIMENTEL;55;PSD;Partido Social Democrático;Eleito;2;531029;531029;-25,494438;-49,284271;center-right
PR;LONDRINA;Prefeito;11;MARIA TEREZA PASCHOAL DE MORAES;PROFESSORA MARIA TEREZA;11;PP;PROGRESSISTAS;Não eleito;2;111464;111464;-23,311288;-51,159502;center-right
PR;LONDRINA;Prefeito;55;JOSE TIAGO CAMARGO DO AMARAL;TIAGO AMARAL;55;PSD;Partido Social Democrático;Eleito;2;143745;143745;-23,311288;-51,159502;center-right
RN;NATAL;Prefeito;13;NATALIA BASTOS BONAVIDES;NATALIA BONAVIDES;13;PT;Partido dos Trabalhadores;Não eleito;2;179714;179714;-5,805398;-35,20809;center-left
RN;NATAL;Prefeito;44;PAULO EDUARDO DA COSTA FREIRE;PAULINHO FREIRE;44;UNIO;Unio Brasil;Eleito;2;222661;222661;-5,805398;-35,20809;center-right
RO;PORTO VELHO;Prefeito;20;LEONARDO BARRETO DE MORAES;LEO;20;PODE;Podemos;Eleito;2;135118;135118;-8,749453;-63,873544;center-right
RO;PORTO VELHO;Prefeito;44;MARIANA FONSECA RIBEIRO CARVALHO DE MORAES;MARIANA CARVALHO;44;UNIO;Unio Brasil;Não eleito;2;105406;105406;-8,749453;-63,873544;center-right
RS;CAXIAS DO SUL;Prefeito;22;MAURICIO FERNANDO SCALCO;SCALCO;22;PL;Partido Liberal;Não eleito;2;110476;110476;-29,168505;-51,179639;right
RS;CAXIAS DO SUL;Prefeito;45;ADILO ANGELO DIDOMENICO;ADILO;45;PSDB;Partido da Social Democracia Brasileira;Eleito;2;116730;116730;-29,168505;-51,179639;center
RS;PELOTAS;Prefeito;13;FERNANDO STEPHAN MARRONI;MARRONI;13;PT;Partido dos Trabalhadores;Eleito;2;87737;87737;-31,769974;-52,341016;center-left
RS;PELOTAS;Prefeito;22;MARCIANO PERONDI;MARCIANO PERONDI;22;PL;Partido Liberal;Não eleito;2;86474;86474;-31,769974;-52,341016;right
RS;PORTO ALEGRE;Prefeito;13;MARIA DO ROSARIO NUNES;MARIA DO ROSARIO;13;PT;Partido dos Trabalhadores;Não eleito;2;254128;254128;-30,0325;-51,230377;center-left
RS;PORTO ALEGRE;Prefeito;15;SEBASTIAO DE ARAUJO MELO;SEBASTIAO MELO;15;MDB;Movimento Democrático Brasileiro;Eleito;2;406467;406467;-30,0325;-51,230377;center
RS;SANTA MARIA;Prefeito;13;ANTONIO VALDECI OLIVEIRA DE OLIVEIRA;VALDECI OLIVEIRA;13;PT;Partido dos Trabalhadores;Não eleito;2;64113;64113;-29,686051;-53,806921;center-left
RS;SANTA MARIA;Prefeito;45;RODRIGO DECIMO;RODRIGO DECIMO;45;PSDB;Partido da Social Democracia Brasileira;Eleito;2;76803;76803;-29,686051;-53,806921;center
SE;ARACAJU;Prefeito;12;LUIZ ROBERTO DANTAS DE SANTANA;LUIZ ROBERTO;12;PDT;Partido Democrático Trabalhista;Não eleito;2;122842;122842;-10,916206;-37,077466;center-left
SE;ARACAJU;Prefeito;22;EMILIA CORREA SANTOS BEZERRA;EMILIA CORREA;22;PL;Partido Liberal;Eleito;2;165924;165924;-10,916206;-37,077466;right
SP;SANTOS;Prefeito;10;ROGERIO PEREIRA DOS SANTOS;ROGERIO SANTOS;10;REPUBLICANOS;REPUBLICANOS;Eleito;2;118562;118562;-23,933599;-46,32864;right
SP;SANTOS;Prefeito;22;ROSANA DE OLIVEIRA VALLE;ROSANA VALLE;22;PL;Partido Liberal;Não eleito;2;103592;103592;-23,933599;-46,32864;right
SP;SAO PAULO;Prefeito;15;RICARDO LUIS REIS NUNES;RICARDO NUNES;15;MDB;Movimento Democrático Brasileiro;Eleito;2;3393110;3393110;-23,550651;-46,633382;center
SP;SAO PAULO;Prefeito;50;GUILHERME CASTRO BOULOS;GUILHERME BOULOS;50;PSOL;Partido Socialismo e Liberdade;Não eleito;2;2323901;2323901;-23,550651;-46,633382;left
TO;PALMAS;Prefeito;20;JOSE EDUARDO DE SIQUEIRA CAMPOS;EDUARDO SIQUEIRA CAMPOS;20;PODE;Podemos;Eleito;2;78673;78673;-10,183785;-48,333642;center-right
TO;PALMAS;Prefeito;22;JANAD MARQUES DE FREITAS VALCARI;JANAD VALCARI;22;PL;Partido Liberal;Não eleito;2;69684;69684;-10,183785;-48,333642;right
